-- phpMyAdmin SQL Dump
-- version 4.0.9
-- http://www.phpmyadmin.net
--
-- Host: 127.0.0.1
-- Generation Time: Jun 15, 2017 at 07:31 AM
-- Server version: 5.6.14
-- PHP Version: 5.5.6

SET SQL_MODE = "NO_AUTO_VALUE_ON_ZERO";
SET time_zone = "+00:00";


/*!40101 SET @OLD_CHARACTER_SET_CLIENT=@@CHARACTER_SET_CLIENT */;
/*!40101 SET @OLD_CHARACTER_SET_RESULTS=@@CHARACTER_SET_RESULTS */;
/*!40101 SET @OLD_COLLATION_CONNECTION=@@COLLATION_CONNECTION */;
/*!40101 SET NAMES utf8 */;

--
-- Database: `ohso`
--

-- --------------------------------------------------------

--
-- Table structure for table `appointment`
--

CREATE TABLE IF NOT EXISTS `appointment` (
  `app_id` bigint(20) NOT NULL AUTO_INCREMENT,
  `emp_id` int(11) NOT NULL,
  `patient_id` int(11) NOT NULL,
  `time` varchar(15) NOT NULL,
  `date` date NOT NULL,
  `payment` int(11) DEFAULT NULL,
  `report` varchar(32) DEFAULT NULL,
  PRIMARY KEY (`app_id`)
) ENGINE=InnoDB  DEFAULT CHARSET=latin1 AUTO_INCREMENT=11 ;

--
-- Dumping data for table `appointment`
--

INSERT INTO `appointment` (`app_id`, `emp_id`, `patient_id`, `time`, `date`, `payment`, `report`) VALUES
(2, 12, 301, '14-15', '2017-06-10', 12, 'report2.docx'),
(3, 21, 202, '13-15', '2017-06-07', 1212, 'report3.docx'),
(5, 2, 301, '14-15', '2017-06-15', 0, 'NULL'),
(6, 6, 401, '12-13', '2017-06-13', 0, 'NULL'),
(7, 12, 402, '13-14', '2017-06-14', 0, 'NULL'),
(8, 43, 402, '11-12', '2017-06-15', 0, 'NULL'),
(9, 98, 402, '13-14', '2017-06-15', 0, 'NULL'),
(10, 32, 402, '13-14', '2017-06-16', 0, 'NULL');

-- --------------------------------------------------------

--
-- Table structure for table `asked_questions`
--

CREATE TABLE IF NOT EXISTS `asked_questions` (
  `user_id` int(11) NOT NULL,
  `ques_id` int(11) NOT NULL AUTO_INCREMENT,
  `ques_topic` varchar(50) CHARACTER SET utf8 NOT NULL,
  `ques_details` varchar(400) CHARACTER SET utf8 NOT NULL,
  `symptoms` varchar(100) CHARACTER SET utf8 NOT NULL,
  `field` varchar(33) CHARACTER SET utf8 NOT NULL,
  `sex` text CHARACTER SET utf8 NOT NULL,
  `date` varchar(33) CHARACTER SET utf16 NOT NULL,
  `age` int(11) NOT NULL,
  PRIMARY KEY (`ques_id`),
  UNIQUE KEY `ques_topic` (`ques_topic`),
  KEY `ques_topic_2` (`ques_topic`)
) ENGINE=InnoDB  DEFAULT CHARSET=latin1 AUTO_INCREMENT=17 ;

--
-- Dumping data for table `asked_questions`
--

INSERT INTO `asked_questions` (`user_id`, `ques_id`, `ques_topic`, `ques_details`, `symptoms`, `field`, `sex`, `date`, `age`) VALUES
(402, 13, 'Chest pain', 'Hello doctor,\r\nI have been suffering from chest occasionally.\r\nI have a burning sensation in my chest area.\r\nPlease give me some advice on what to do.\r\nThanks!', 'Cheast pain,heartburn', 'Cardiologist', 'Male', '2017 Jun 14', 22),
(113, 14, 'Heart Burn', 'Hello doctor,\r\n\r\nI have a heart burn problem every time when i jog or when i am tired. I even have heart burn when i eat raw foods.\r\n\r\nPlease give some advice and solutions.\r\n\r\nThanks. ', 'Heart burn', 'Cardiologist', 'Male', '2017 Jun 14', 3),
(402, 16, 'arawra', 'wrwrawrasdddddddddddddddddddddddddddddddd asd asd  asd as as asd as as asd as asd as das  asdasdasd asdasdas a sdas  ', '', 'Cardiologist', 'Male', '2017 Jun 14', 22);

-- --------------------------------------------------------

--
-- Table structure for table `doc_schedule`
--

CREATE TABLE IF NOT EXISTS `doc_schedule` (
  `emp_id` int(11) NOT NULL,
  `day` varchar(10) NOT NULL,
  `time` varchar(15) NOT NULL
) ENGINE=InnoDB DEFAULT CHARSET=latin1;

--
-- Dumping data for table `doc_schedule`
--

INSERT INTO `doc_schedule` (`emp_id`, `day`, `time`) VALUES
(1, '1', '9-13'),
(1, '2', '12-17'),
(1, '3', '13-15'),
(1, '4', '11-14'),
(1, '5', '8-10'),
(1, '6', '10-17'),
(1, '7', '10-17'),
(2, '1', '9-13'),
(2, '2', '8-12'),
(2, '3', '9-13'),
(2, '5', '9-13'),
(2, '6', '9-13'),
(2, '7', '12-17'),
(3, '1', '10-17'),
(3, '2', '8-10'),
(3, '4', '8-12'),
(3, '5', '9-13'),
(3, '6', '11-14'),
(3, '7', '12-17'),
(4, '1', '12-17'),
(4, '2', '13-15'),
(4, '3', '8-12'),
(4, '4', '12-17'),
(4, '5', '10-17'),
(4, '6', '8-10'),
(4, '7', '13-15'),
(5, '3', '11-14'),
(5, '4', '11-14'),
(5, '6', '10-17'),
(6, '1', '8-10'),
(6, '2', '8-12'),
(6, '3', '12-17'),
(6, '5', '12-17'),
(6, '6', '10-17'),
(6, '7', '13-15'),
(7, '1', '13-15'),
(7, '2', '8-12'),
(7, '4', '13-15'),
(8, '1', '10-17'),
(8, '3', '8-12'),
(8, '4', '8-10'),
(8, '5', '11-14'),
(8, '6', '13-15'),
(8, '7', '10-17'),
(9, '1', '13-15'),
(9, '3', '12-17'),
(9, '4', '11-14'),
(9, '5', '13-15'),
(9, '6', '11-14'),
(9, '7', '8-12'),
(10, '1', '13-15'),
(10, '2', '10-17'),
(10, '4', '8-12'),
(10, '6', '13-15'),
(10, '7', '13-15'),
(11, '2', '13-15'),
(11, '3', '11-14'),
(11, '4', '11-14'),
(11, '5', '12-17'),
(11, '6', '11-14'),
(11, '7', '11-14'),
(12, '1', '10-17'),
(12, '2', '10-17'),
(12, '3', '12-17'),
(12, '4', '13-15'),
(12, '5', '10-17'),
(12, '7', '10-17'),
(13, '1', '9-13'),
(13, '2', '12-17'),
(13, '4', '8-10'),
(13, '5', '11-14'),
(13, '6', '9-13'),
(14, '1', '8-12'),
(14, '2', '11-14'),
(14, '3', '10-17'),
(14, '4', '13-15'),
(14, '5', '12-17'),
(14, '6', '9-13'),
(14, '7', '11-14'),
(15, '1', '10-17'),
(15, '3', '9-13'),
(15, '4', '12-17'),
(15, '5', '10-17'),
(16, '2', '11-14'),
(16, '3', '9-13'),
(16, '4', '8-10'),
(16, '5', '13-15'),
(16, '6', '8-12'),
(16, '7', '9-13'),
(17, '1', '8-12'),
(17, '3', '8-12'),
(17, '6', '10-17'),
(17, '7', '10-17'),
(18, '2', '10-17'),
(18, '4', '9-13'),
(18, '5', '11-14'),
(18, '6', '8-10'),
(19, '1', '9-13'),
(19, '2', '12-17'),
(19, '3', '9-13'),
(19, '4', '9-13'),
(19, '5', '8-12'),
(19, '6', '13-15'),
(20, '1', '13-15'),
(20, '2', '9-13'),
(20, '3', '12-17'),
(20, '4', '8-10'),
(20, '5', '10-17'),
(20, '7', '9-13'),
(21, '1', '10-17'),
(21, '2', '10-17'),
(21, '3', '13-15'),
(21, '4', '11-14'),
(21, '5', '12-17'),
(21, '6', '13-15'),
(22, '1', '9-13'),
(22, '2', '11-14'),
(22, '5', '8-10'),
(22, '6', '12-17'),
(22, '7', '10-17'),
(23, '1', '10-17'),
(23, '2', '9-13'),
(23, '3', '10-17'),
(23, '4', '13-15'),
(23, '7', '9-13'),
(24, '1', '13-15'),
(24, '2', '11-14'),
(24, '3', '8-10'),
(24, '4', '8-12'),
(24, '5', '8-12'),
(24, '6', '10-17'),
(24, '7', '9-13'),
(25, '1', '11-14'),
(25, '2', '13-15'),
(25, '4', '13-15'),
(25, '5', '11-14'),
(25, '6', '8-12'),
(26, '1', '9-13'),
(26, '2', '12-17'),
(26, '3', '8-12'),
(26, '4', '8-12'),
(26, '5', '12-17'),
(26, '6', '8-12'),
(26, '7', '10-17'),
(27, '1', '12-17'),
(27, '2', '12-17'),
(27, '3', '8-12'),
(27, '4', '11-14'),
(27, '6', '13-15'),
(27, '7', '13-15'),
(28, '1', '9-13'),
(28, '2', '12-17'),
(28, '3', '8-10'),
(28, '6', '8-10'),
(28, '7', '8-12'),
(29, '3', '12-17'),
(29, '4', '8-12'),
(29, '6', '11-14'),
(29, '7', '10-17'),
(30, '1', '12-17'),
(30, '2', '12-17'),
(30, '3', '12-17'),
(30, '4', '11-14'),
(30, '5', '9-13'),
(30, '6', '10-17'),
(30, '7', '12-17'),
(31, '1', '11-14'),
(31, '2', '8-12'),
(31, '3', '12-17'),
(31, '4', '8-10'),
(31, '6', '8-12'),
(31, '7', '11-14'),
(32, '1', '13-15'),
(32, '2', '13-15'),
(32, '3', '8-10'),
(32, '4', '13-15'),
(32, '5', '13-15'),
(32, '6', '13-15'),
(33, '1', '9-13'),
(33, '3', '8-12'),
(33, '5', '13-15'),
(33, '6', '8-10'),
(33, '7', '12-17'),
(34, '1', '12-17'),
(34, '2', '13-15'),
(34, '5', '9-13'),
(34, '6', '11-14'),
(34, '7', '8-10'),
(35, '1', '13-15'),
(35, '2', '13-15'),
(35, '3', '8-12'),
(35, '4', '10-17'),
(35, '5', '8-12'),
(35, '6', '10-17'),
(36, '1', '8-12'),
(36, '2', '13-15'),
(36, '3', '8-12'),
(36, '5', '8-10'),
(36, '6', '9-13'),
(37, '1', '8-12'),
(37, '3', '10-17'),
(37, '4', '13-15'),
(37, '5', '13-15'),
(37, '6', '12-17'),
(37, '7', '11-14'),
(38, '1', '10-17'),
(38, '3', '11-14'),
(38, '4', '9-13'),
(38, '5', '9-13'),
(38, '6', '12-17'),
(38, '7', '9-13'),
(39, '1', '9-13'),
(39, '4', '13-15'),
(39, '6', '12-17'),
(39, '7', '10-17'),
(40, '1', '8-12'),
(40, '2', '8-12'),
(40, '3', '8-10'),
(40, '5', '8-12'),
(40, '6', '12-17'),
(41, '1', '13-15'),
(41, '2', '12-17'),
(41, '3', '8-10'),
(41, '4', '11-14'),
(41, '6', '12-17'),
(41, '7', '13-15'),
(42, '3', '9-13'),
(42, '4', '9-13'),
(42, '5', '8-10'),
(42, '6', '8-10'),
(42, '7', '9-13'),
(43, '1', '11-14'),
(43, '2', '8-12'),
(43, '3', '10-17'),
(43, '5', '8-12'),
(43, '6', '13-15'),
(43, '7', '12-17'),
(44, '1', '11-14'),
(44, '2', '13-15'),
(44, '3', '8-12'),
(44, '4', '13-15'),
(44, '5', '9-13'),
(44, '6', '13-15'),
(45, '1', '10-17'),
(45, '2', '8-10'),
(45, '3', '12-17'),
(45, '4', '10-17'),
(45, '5', '10-17'),
(45, '7', '9-13'),
(46, '1', '11-14'),
(46, '2', '8-10'),
(46, '5', '13-15'),
(47, '2', '10-17'),
(47, '3', '8-12'),
(47, '4', '11-14'),
(47, '6', '9-13'),
(47, '7', '8-10'),
(48, '1', '8-12'),
(48, '2', '13-15'),
(48, '4', '9-13'),
(48, '5', '8-12'),
(48, '6', '8-10'),
(48, '7', '12-17'),
(49, '1', '8-12'),
(49, '2', '8-10'),
(49, '4', '8-12'),
(49, '5', '13-15'),
(50, '1', '8-10'),
(50, '2', '13-15'),
(50, '3', '13-15'),
(50, '5', '12-17'),
(50, '6', '13-15'),
(50, '7', '8-12'),
(51, '1', '11-14'),
(51, '3', '8-12'),
(51, '4', '12-17'),
(51, '5', '8-12'),
(51, '6', '10-17'),
(51, '7', '11-14'),
(52, '1', '9-13'),
(52, '2', '8-12'),
(52, '4', '8-12'),
(52, '5', '11-14'),
(52, '6', '8-12'),
(52, '7', '11-14'),
(53, '1', '12-17'),
(53, '2', '8-10'),
(53, '3', '8-12'),
(53, '4', '11-14'),
(53, '5', '11-14'),
(53, '6', '9-13'),
(53, '7', '11-14'),
(54, '2', '8-10'),
(54, '4', '10-17'),
(54, '5', '8-10'),
(54, '6', '8-10'),
(55, '1', '12-17'),
(55, '2', '13-15'),
(55, '4', '10-17'),
(55, '6', '12-17'),
(56, '1', '12-17'),
(56, '5', '11-14'),
(56, '6', '10-17'),
(57, '1', '10-17'),
(57, '2', '10-17'),
(57, '3', '13-15'),
(57, '4', '11-14'),
(57, '5', '13-15'),
(57, '6', '9-13'),
(58, '2', '10-17'),
(58, '3', '11-14'),
(58, '5', '10-17'),
(58, '7', '9-13'),
(59, '2', '12-17'),
(59, '3', '13-15'),
(59, '4', '8-10'),
(59, '5', '10-17'),
(59, '7', '9-13'),
(60, '1', '10-17'),
(60, '2', '13-15'),
(60, '3', '12-17'),
(60, '4', '12-17'),
(60, '6', '13-15'),
(60, '7', '12-17'),
(61, '1', '10-17'),
(61, '4', '13-15'),
(61, '6', '11-14'),
(62, '1', '13-15'),
(62, '2', '12-17'),
(62, '3', '13-15'),
(62, '4', '9-13'),
(62, '5', '9-13'),
(62, '6', '10-17'),
(62, '7', '11-14'),
(63, '1', '8-12'),
(63, '2', '10-17'),
(63, '4', '10-17'),
(63, '5', '13-15'),
(63, '7', '11-14'),
(64, '1', '12-17'),
(64, '2', '8-10'),
(64, '3', '11-14'),
(64, '4', '12-17'),
(64, '6', '13-15'),
(64, '7', '10-17'),
(65, '2', '9-13'),
(65, '4', '13-15'),
(65, '5', '11-14'),
(65, '7', '11-14'),
(66, '1', '13-15'),
(66, '3', '10-17'),
(66, '4', '12-17'),
(66, '5', '13-15'),
(66, '6', '9-13'),
(67, '2', '8-10'),
(67, '3', '12-17'),
(67, '4', '12-17'),
(67, '5', '13-15'),
(67, '6', '11-14'),
(67, '7', '11-14'),
(68, '1', '8-10'),
(68, '2', '10-17'),
(68, '4', '8-12'),
(68, '5', '11-14'),
(68, '6', '12-17'),
(68, '7', '8-12'),
(69, '1', '9-13'),
(69, '2', '11-14'),
(69, '4', '8-12'),
(69, '5', '11-14'),
(69, '6', '8-12'),
(69, '7', '11-14'),
(70, '1', '12-17'),
(70, '2', '8-12'),
(70, '3', '8-12'),
(70, '4', '9-13'),
(70, '5', '8-12'),
(70, '6', '10-17'),
(71, '2', '8-10'),
(71, '3', '8-12'),
(71, '4', '13-15'),
(71, '5', '11-14'),
(71, '6', '11-14'),
(71, '7', '11-14'),
(72, '1', '12-17'),
(72, '2', '13-15'),
(72, '3', '12-17'),
(72, '4', '10-17'),
(72, '5', '13-15'),
(72, '6', '8-12'),
(72, '7', '11-14'),
(73, '1', '8-10'),
(73, '3', '8-12'),
(73, '4', '8-10'),
(73, '5', '8-10'),
(73, '6', '11-14'),
(73, '7', '9-13'),
(74, '1', '11-14'),
(74, '2', '12-17'),
(74, '4', '9-13'),
(74, '5', '12-17'),
(74, '6', '8-10'),
(75, '1', '13-15'),
(75, '2', '10-17'),
(75, '5', '13-15'),
(76, '3', '9-13'),
(76, '4', '10-17'),
(76, '5', '8-12'),
(76, '6', '11-14'),
(76, '7', '12-17'),
(77, '2', '8-12'),
(77, '3', '11-14'),
(77, '5', '8-12'),
(77, '6', '11-14'),
(77, '7', '13-15'),
(78, '1', '8-10'),
(78, '2', '10-17'),
(78, '3', '13-15'),
(78, '4', '9-13'),
(78, '5', '8-12'),
(78, '6', '10-17'),
(78, '7', '10-17'),
(79, '2', '10-17'),
(79, '3', '8-10'),
(79, '4', '8-10'),
(79, '5', '8-12'),
(79, '6', '8-10'),
(79, '7', '8-12'),
(80, '1', '8-12'),
(80, '2', '8-10'),
(80, '4', '8-12'),
(80, '5', '11-14'),
(80, '6', '9-13'),
(81, '1', '8-10'),
(81, '2', '9-13'),
(81, '3', '13-15'),
(81, '5', '11-14'),
(81, '6', '13-15'),
(81, '7', '8-10'),
(82, '1', '13-15'),
(82, '2', '9-13'),
(82, '4', '8-10'),
(82, '5', '8-12'),
(82, '6', '13-15'),
(82, '7', '11-14'),
(83, '1', '10-17'),
(83, '2', '8-10'),
(83, '3', '12-17'),
(83, '4', '12-17'),
(83, '5', '10-17'),
(83, '6', '9-13'),
(84, '3', '10-17'),
(84, '4', '8-12'),
(84, '5', '8-10'),
(84, '6', '12-17'),
(84, '7', '11-14'),
(85, '1', '8-10'),
(85, '3', '8-12'),
(85, '4', '11-14'),
(85, '6', '8-10'),
(85, '7', '8-12'),
(86, '1', '9-13'),
(86, '2', '10-17'),
(86, '4', '11-14'),
(86, '5', '13-15'),
(87, '1', '11-14'),
(87, '3', '8-10'),
(87, '4', '11-14'),
(87, '5', '12-17'),
(87, '6', '11-14'),
(87, '7', '11-14'),
(88, '3', '10-17'),
(88, '4', '8-10'),
(88, '6', '13-15'),
(88, '7', '12-17'),
(89, '2', '9-13'),
(89, '4', '12-17'),
(89, '5', '10-17'),
(89, '6', '8-10'),
(89, '7', '10-17'),
(90, '1', '8-10'),
(90, '2', '13-15'),
(90, '3', '8-12'),
(90, '4', '10-17'),
(90, '5', '8-12'),
(90, '6', '8-10'),
(90, '7', '12-17'),
(91, '1', '13-15'),
(91, '2', '11-14'),
(91, '4', '8-10'),
(91, '6', '9-13'),
(91, '7', '8-12'),
(92, '1', '12-17'),
(92, '2', '12-17'),
(92, '3', '10-17'),
(92, '4', '9-13'),
(92, '5', '10-17'),
(92, '6', '8-12'),
(92, '7', '8-10'),
(93, '1', '13-15'),
(93, '2', '10-17'),
(93, '4', '12-17'),
(93, '5', '9-13'),
(94, '1', '8-12'),
(94, '2', '9-13'),
(94, '3', '11-14'),
(94, '4', '10-17'),
(94, '6', '10-17'),
(94, '7', '10-17'),
(95, '1', '11-14'),
(95, '2', '12-17'),
(95, '3', '8-10'),
(95, '4', '8-12'),
(95, '5', '9-13'),
(95, '6', '13-15'),
(96, '1', '8-12'),
(96, '2', '9-13'),
(96, '3', '10-17'),
(96, '5', '13-15'),
(96, '6', '13-15'),
(96, '7', '8-12'),
(97, '1', '9-13'),
(97, '2', '8-12'),
(97, '3', '8-12'),
(97, '4', '8-10'),
(97, '5', '12-17'),
(97, '6', '8-12'),
(97, '7', '11-14'),
(98, '1', '11-14'),
(98, '2', '8-10'),
(98, '3', '12-17'),
(98, '4', '8-12'),
(98, '5', '11-14'),
(99, '1', '10-17'),
(99, '2', '11-14'),
(99, '3', '8-10'),
(99, '4', '8-12'),
(99, '6', '11-14'),
(99, '7', '9-13'),
(100, '1', '11-14'),
(100, '2', '10-17'),
(100, '3', '11-14'),
(100, '4', '12-17'),
(100, '6', '11-14'),
(100, '7', '8-10');

-- --------------------------------------------------------

--
-- Table structure for table `employee_detail`
--

CREATE TABLE IF NOT EXISTS `employee_detail` (
  `emp_id` mediumint(8) unsigned NOT NULL AUTO_INCREMENT,
  `name` varchar(40) DEFAULT NULL,
  `dob` date DEFAULT NULL,
  `address` varchar(50) DEFAULT NULL,
  `email` varchar(40) DEFAULT NULL,
  `phone` bigint(20) DEFAULT NULL,
  `field` varchar(32) DEFAULT NULL,
  `history` varchar(32) DEFAULT NULL,
  `sex` varchar(1) NOT NULL,
  `images` varchar(32) DEFAULT NULL,
  PRIMARY KEY (`emp_id`)
) ENGINE=InnoDB  DEFAULT CHARSET=latin1 AUTO_INCREMENT=406 ;

--
-- Dumping data for table `employee_detail`
--

INSERT INTO `employee_detail` (`emp_id`, `name`, `dob`, `address`, `email`, `phone`, `field`, `history`, `sex`, `images`) VALUES
(1, 'Jack Cote', '1986-04-09', 'GJ', 'rutrum@cursuset.net', 146, 'gastroenterologist', 'Msc. in gastroenterologist', 'F', 'doc1.png'),
(2, 'Daria Velazquez', '1982-11-05', 'Heredia', 'sapien@Curabitur.ca', 615, 'oncologist', 'Msc. in oncologist', 'F', 'doc1.png'),
(3, 'Colleen Merritt', '1982-03-04', 'Herefordshire', 'orci@blandit.org', 601, 'psychiatrist', 'Msc. in psychiatrist', 'M', 'doc1.png'),
(4, 'Vaughan Mcknight', '1985-11-09', 'Vienna', 'mauris.rhoncus@Quisque.ca', 594, 'neurologist', 'Msc. in neurologist', 'F', 'doc1.png'),
(5, 'Karly Slater', '1986-11-13', 'Lombardia', 'accumsan@semperrutrum.net', 581, 'gastroenterologist', 'Msc. in gastroenterologist', 'M', 'doc1.png'),
(6, 'Price parker', '1980-11-04', 'Toscana', 'Lorem.ipsum@vitaevelit.co.uk', 136, 'cardiologist', 'Msc. in cardiologist', 'M', 'doc1.png'),
(7, 'Simon Alexander', '1986-09-25', 'South Australia', 'Aliquam@per.ca', 195, 'neurologist', 'Msc. in neurologist', 'F', 'doc1.png'),
(8, 'Cailin Watson', '1989-11-15', 'QLD', 'Curabitur.massa.Vestibulum@vulputate.com', 501, 'dentist', 'Msc. in dentist', 'F', 'doc1.png'),
(9, 'Lila Mckinney', '1985-08-28', 'British Columbia', 'Pellentesque.habitant.morbi@incursus.org', 854, 'oncologist', 'Msc. in oncologist', 'M', 'doc1.png'),
(10, 'Wallace Calderon', '1980-12-13', 'OP', 'Praesent.eu@Duisacarcu.co.uk', 131, 'gastroenterologist', 'Msc. in gastroenterologist', 'M', 'doc1.png'),
(11, 'Basil Vaughn', '1985-01-14', 'Quebec', 'eleifend.nec.malesuada@Pellentesque.ca', 832, 'oncologist', 'Msc. in oncologist', 'M', 'doc1.png'),
(12, 'Brielle Mcconnell', '1981-09-09', 'São Paulo', 'in.felis@tellusfaucibusleo.ca', 583, 'cardiologist', 'Msc. in cardiologist', 'F', 'doc1.png'),
(13, 'Alan Morgan', '1986-06-16', 'DE', 'lobortis@mi.edu', 317, 'oncologist', 'Msc. in oncologist', 'F', 'doc1.png'),
(14, 'Blaze Kramer', '1987-01-03', 'Stirlingshire', 'Cum@nonfeugiat.co.uk', 766, 'neurologist', 'Msc. in neurologist', 'M', 'doc1.png'),
(15, 'Uriah Kelley', '1983-01-16', 'Noord Holland', 'lectus@enimcondimentum.net', 958, 'gastroenterologist', 'Msc. in gastroenterologist', 'M', 'doc1.png'),
(16, 'Lillian Mcgee', '1988-01-29', 'PD', 'eu@ullamcorper.org', 528, 'psychiatrist', 'Msc. in psychiatrist', 'F', 'doc1.png'),
(17, 'Matthew Knowles', '1986-10-26', 'RU', 'lacinia@natoquepenatibuset.edu', 930, 'oncologist', 'Msc. in oncologist', 'M', 'doc1.png'),
(18, 'McKenzie Kirk', '1988-11-17', 'WB', 'Mauris.blandit@neccursus.ca', 394, 'neurologist', 'Msc. in neurologist', 'F', 'doc1.png'),
(19, 'Pandora Zamora', '1984-11-16', 'Wie', 'metus.Aenean.sed@nasceturridiculusmus.co', 714, 'oncologist', 'Msc. in oncologist', 'M', 'doc1.png'),
(20, 'Sandra Macias', '1988-02-19', 'DE', 'dui.Cum@eratvolutpatNulla.com', 295, 'oncologist', 'Msc. in oncologist', 'M', 'doc1.png'),
(21, 'Shad Kaufman', '1987-12-20', 'PIE', 'tempor@ipsumleoelementum.com', 686, 'cardiologist', 'Msc. in cardiologist', 'M', 'doc1.png'),
(22, 'Ella Hunt', '1987-07-10', 'NSW', 'in.sodales@sit.com', 279, 'neurologist', 'Msc. in neurologist', 'M', 'doc1.png'),
(23, 'Cathleen House', '1988-12-09', 'H', 'Lorem.ipsum.dolor@cubilia.edu', 873, 'neurologist', 'Msc. in neurologist', 'M', 'doc1.png'),
(24, 'Keelie Pena', '1987-03-25', 'Connacht', 'urna.et.arcu@lacinia.co.uk', 810, 'neurologist', 'Msc. in neurologist', 'F', 'doc1.png'),
(25, 'Sylvia Grant', '1982-12-04', 'RJ', 'urna@faucibus.edu', 556, 'gastroenterologist', 'Msc. in gastroenterologist', 'M', 'doc1.png'),
(26, 'Keith Sandoval', '1987-08-26', 'M', 'dictum.mi@Etiamligula.edu', 602, 'gastroenterologist', 'Msc. in gastroenterologist', 'M', 'doc1.png'),
(27, 'Rafael Hewitt', '1981-03-12', 'MI', 'ornare.libero.at@arcuVestibulum.net', 713, 'dentist', 'Msc. in dentist', 'F', 'doc1.png'),
(28, 'Alexa Meyers', '1987-12-22', 'Ankara', 'mattis.velit.justo@utlacusNulla.edu', 886, 'neurologist', 'Msc. in neurologist', 'M', 'doc1.png'),
(29, 'Janna Perkins', '1985-08-19', 'Upper Austria', 'Suspendisse.eleifend@enimmitempor.ca', 788, 'pediatrician', 'Msc. in pediatrician', 'M', 'doc1.png'),
(30, 'Neil Hanson', '1984-12-09', 'Quebec', 'sodales@urna.org', 466, 'cardiologist', 'Msc. in cardiologist', 'F', 'doc1.png'),
(31, 'Jarrod Mayo', '1981-02-25', 'P', 'non.ante@duiFusce.com', 863, 'oncologist', 'Msc. in oncologist', 'F', 'doc1.png'),
(32, 'Roth Patterson', '1988-03-07', 'C', 'Donec@etrutrumnon.org', 813, 'orthopedician', 'Msc. in orthopedician', 'F', 'doc1.png'),
(33, 'Margaret Mooney', '1981-10-22', 'Wie', 'Phasellus@duiSuspendisseac.co.uk', 662, 'neurologist', 'Msc. in neurologist', 'F', 'doc1.png'),
(34, 'Kane Cabrera', '1986-07-21', 'Vienna', 'Donec.fringilla@Donecest.co.uk', 803, 'oncologist', 'Msc. in oncologist', 'F', 'doc1.png'),
(35, 'Howard Kemp', '1981-12-26', 'Vienna', 'ut.molestie@mauriseuelit.co.uk', 495, 'dentist', 'Msc. in dentist', 'M', 'doc1.png'),
(36, 'Flavia Anthony', '1985-06-06', 'Maule', 'hendrerit.Donec@purusac.edu', 563, 'orthopedician', 'Msc. in orthopedician', 'F', 'doc1.png'),
(37, 'Carla Bennett', '1985-08-29', 'Wie', 'velit@ornareplaceratorci.co.uk', 129, 'neurologist', 'Msc. in neurologist', 'F', 'doc1.png'),
(38, 'Shoshana Aguilar', '1985-11-07', 'KN', 'fringilla@etlacinia.ca', 184, 'psychiatrist', 'Msc. in psychiatrist', 'F', 'doc1.png'),
(39, 'Elmo Cain', '1986-10-18', 'Virginia', 'ullamcorper.velit@penatibuset.com', 493, 'cardiologist', 'Msc. in cardiologist', 'M', 'doc1.png'),
(40, 'Amy Cox', '1989-06-05', 'Kano', 'malesuada.fames@velitQuisque.edu', 309, 'neurologist', 'Msc. in neurologist', 'F', 'doc1.png'),
(41, 'Mollie Ferrell', '1981-04-23', 'Ogun', 'orci@dui.ca', 450, 'oncologist', 'Msc. in oncologist', 'M', 'doc1.png'),
(42, 'Nina Blake', '1986-02-21', 'BC', 'risus.Donec.nibh@eueros.net', 446, 'gastroenterologist', 'Msc. in gastroenterologist', 'F', 'doc1.png'),
(43, 'Angela Castro', '1986-11-20', 'Koc', 'natoque.penatibus.et@consequatnec.ca', 759, 'cardiologist', 'Msc. in cardiologist', 'M', 'doc1.png'),
(44, 'Cullen Bauer', '1986-03-23', 'O', 'in.felis.Nulla@lectus.co.uk', 288, 'neurologist', 'Msc. in neurologist', 'M', 'doc1.png'),
(45, 'Nomlanga Blair', '1989-11-19', 'Île-de-France', 'parturient.montes@eratEtiamvestibulum.or', 557, 'orthopedician', 'Msc. in orthopedician', 'M', 'doc1.png'),
(46, 'Mollie Henry', '1981-05-09', 'LOM', 'litora@orcilobortis.org', 839, 'oncologist', 'Msc. in oncologist', 'M', 'doc1.png'),
(47, 'Cairo Stephenson', '1986-08-06', 'Missouri', 'Aliquam.erat@tinciduntadipiscing.edu', 168, 'psychiatrist', 'Msc. in psychiatrist', 'M', 'doc1.png'),
(48, 'Harper Wise', '1986-01-16', 'Lombardia', 'non@libero.co.uk', 122, 'oncologist', 'Msc. in oncologist', 'M', 'doc1.png'),
(49, 'Phillip Mcdonald', '1987-04-05', 'CA', 'eleifend.nec@lorem.co.uk', 351, 'pediatrician', 'Msc. in pediatrician', 'F', 'doc1.png'),
(50, 'Herman Melendez', '1980-09-04', 'A', 'sodales.Mauris.blandit@Vivamusmolestie.e', 112, 'cardiologist', 'Msc. in cardiologist', 'M', 'doc1.png'),
(51, 'Ainsley Eaton', '1988-03-13', 'HH', 'eu.accumsan.sed@ornare.org', 773, 'cardiologist', 'Msc. in cardiologist', 'F', 'doc1.png'),
(52, 'Dakota Hendrix', '1986-11-16', 'Ontario', 'tellus.Aenean.egestas@arcuvelquam.ca', 463, 'dentist', 'Msc. in dentist', 'F', 'doc1.png'),
(53, 'Lawrence Walsh', '1983-08-04', 'Ulster', 'gravida@tinciduntorciquis.net', 368, 'dentist', 'Msc. in dentist', 'F', 'doc1.png'),
(54, 'Aaron Weiss', '1990-03-16', 'Luxemburg', 'et.magnis.dis@aliquamiaculislacus.com', 900, 'psychiatrist', 'Msc. in psychiatrist', 'F', 'doc1.png'),
(55, 'Merritt Mills', '1989-11-03', 'V', 'ultrices.a@risusInmi.net', 653, 'oncologist', 'Msc. in oncologist', 'F', 'doc1.png'),
(56, 'Xander Stanley', '1984-09-25', 'Galicia', 'Mauris.vel.turpis@facilisisnonbibendum.o', 750, 'oncologist', 'Msc. in oncologist', 'F', 'doc1.png'),
(57, 'Jacqueline Bonner', '1986-11-24', 'San José', 'blandit@feugiatSednec.net', 179, 'psychiatrist', 'Msc. in psychiatrist', 'M', 'doc1.png'),
(58, 'Reuben Boyd', '1982-01-31', 'Los Ríos', 'euismod@Quisqueporttitor.co.uk', 132, 'psychiatrist', 'Msc. in psychiatrist', 'M', 'doc1.png'),
(59, 'Yoshi Webster', '1984-05-05', 'WV', 'Nunc.lectus@etnetuset.com', 498, 'neurologist', 'Msc. in neurologist', 'M', 'doc1.png'),
(60, 'Sybil Lowe', '1986-01-27', 'Uttar Pradesh', 'ipsum.primis.in@ipsum.com', 441, 'pediatrician', 'Msc. in pediatrician', 'M', 'doc1.png'),
(61, 'Patricia Ellison', '1981-01-28', 'SA', 'Nulla.dignissim@tellusfaucibusleo.com', 660, 'psychiatrist', 'Msc. in psychiatrist', 'F', 'doc1.png'),
(62, 'Laurel Mendoza', '1986-05-04', 'Saskatchewan', 'mollis@QuisquevariusNam.edu', 177, 'gastroenterologist', 'Msc. in gastroenterologist', 'M', 'doc1.png'),
(63, 'Dora Blackburn', '1982-07-13', 'L.', 'massa@Proin.ca', 112, 'dentist', 'Msc. in dentist', 'F', 'doc1.png'),
(64, 'Vielka Hart', '1983-09-01', 'Abruzzo', 'risus@augueeu.net', 503, 'psychiatrist', 'Msc. in psychiatrist', 'M', 'doc1.png'),
(65, 'Kessie Dejesus', '1982-02-03', 'MH', 'Donec@Phasellusvitaemauris.edu', 547, 'dentist', 'Msc. in dentist', 'F', 'doc1.png'),
(66, 'Beck Duke', '1984-05-25', 'BAS', 'amet.consectetuer.adipiscing@lorem.edu', 563, 'neurologist', 'Msc. in neurologist', 'F', 'doc1.png'),
(67, 'Camden Moon', '1981-01-22', 'Bursa', 'fermentum@sit.com', 738, 'cardiologist', 'Msc. in cardiologist', 'F', 'doc1.png'),
(68, 'Dominic Castro', '1988-12-03', 'New South Wales', 'et.pede@molestiein.com', 575, 'neurologist', 'Msc. in neurologist', 'F', 'doc1.png'),
(69, 'Xanthus Flores', '1987-07-05', 'SL', 'convallis.ligula@mollisnon.co.uk', 728, 'neurologist', 'Msc. in neurologist', 'M', 'doc1.png'),
(70, 'Octavia Ramirez', '1984-09-25', 'AN', 'penatibus.et@pharetrased.co.uk', 655, 'psychiatrist', 'Msc. in psychiatrist', 'M', 'doc1.png'),
(71, 'Colton Miles', '1987-12-24', 'Ontario', 'lorem.ut.aliquam@pellentesqueegetdictum.', 598, 'neurologist', 'Msc. in neurologist', 'M', 'doc1.png'),
(72, 'Alma Wiley', '1985-02-08', 'South Australia', 'nec.malesuada@inceptoshymenaeos.net', 632, 'oncologist', 'Msc. in oncologist', 'M', 'doc1.png'),
(73, 'Yetta Mays', '1983-08-18', 'Uttarakhand', 'ornare.libero.at@Donec.com', 338, 'oncologist', 'Msc. in oncologist', 'M', 'doc1.png'),
(74, 'Vaughan Mcmillan', '1983-04-30', 'Catalunya', 'Vivamus.non@lacusUt.co.uk', 619, 'cardiologist', 'Msc. in cardiologist', 'M', 'doc1.png'),
(75, 'Julie Mccullough', '1989-04-22', 'Alajuela', 'venenatis.vel@utpharetra.ca', 229, 'oncologist', 'Msc. in oncologist', 'M', 'doc1.png'),
(76, 'Indigo Singleton', '1983-10-27', 'OV', 'in.hendrerit.consectetuer@ornareIn.org', 257, 'orthopedician', 'Msc. in orthopedician', 'M', 'doc1.png'),
(77, 'Adrienne Mccarthy', '1986-10-02', 'NI', 'dictum@malesuadaaugueut.ca', 942, 'gastroenterologist', 'Msc. in gastroenterologist', 'M', 'doc1.png'),
(78, 'Chase Solomon', '1981-01-28', 'A', 'erat.Vivamus@sit.org', 430, 'cardiologist', 'Msc. in cardiologist', 'F', 'doc1.png'),
(79, 'Moana Chase', '1982-06-24', 'Henegouwen', 'sed@odioauctorvitae.ca', 554, 'neurologist', 'Msc. in neurologist', 'M', 'doc1.png'),
(80, 'Camden Patel', '1980-12-26', 'KK', 'mollis.Phasellus@acfacilisis.co.uk', 237, 'orthopedician', 'Msc. in orthopedician', 'F', 'doc1.png'),
(81, 'Kasper Branch', '1981-12-05', 'Östergötlands län', 'rhoncus.Proin.nisl@justofaucibus.org', 675, 'orthopedician', 'Msc. in orthopedician', 'M', 'doc1.png'),
(82, 'Moses Macdonald', '1989-02-07', 'Anglesey', 'Curae@odioAliquam.org', 418, 'oncologist', 'Msc. in oncologist', 'F', 'doc1.png'),
(83, 'Sloane Hebert', '1987-11-14', 'III', 'tempor@nuncsed.com', 438, 'pediatrician', 'Msc. in pediatrician', 'M', 'doc1.png'),
(84, 'Darius Snider', '1987-09-14', 'N.', 'mauris.aliquam.eu@laciniamattis.ca', 449, 'psychiatrist', 'Msc. in psychiatrist', 'M', 'doc1.png'),
(85, 'Amber Mcconnell', '1981-07-25', 'Podkarpackie', 'nec@justosit.edu', 564, 'dentist', 'Msc. in dentist', 'M', 'doc1.png'),
(86, 'Mannix Garner', '1981-06-15', 'Z.', 'at.libero.Morbi@sitametrisus.org', 690, 'psychiatrist', 'Msc. in psychiatrist', 'M', 'doc1.png'),
(87, 'Colby Huff', '1982-09-12', 'Comunitat Valenciana', 'Suspendisse.aliquet.sem@pellentesquemass', 685, 'pediatrician', 'Msc. in pediatrician', 'M', 'doc1.png'),
(88, 'Shana Stuart', '1988-07-19', 'OR', 'adipiscing@velitegestaslacinia.org', 266, 'orthopedician', 'Msc. in orthopedician', 'F', 'doc1.png'),
(89, 'Regina Carter', '1988-05-05', 'SJ', 'nascetur.ridiculus@luctusfelispurus.co.u', 660, 'gastroenterologist', 'Msc. in gastroenterologist', 'M', 'doc1.png'),
(90, 'Cassandra Garrett', '1983-04-03', 'FI', 'malesuada.malesuada@asollicitudinorci.ne', 491, 'orthopedician', 'Msc. in orthopedician', 'F', 'doc1.png'),
(91, 'Dawn Joseph', '1987-06-17', 'RM', 'interdum.Sed@risusa.co.uk', 590, 'dentist', 'Msc. in dentist', 'F', 'doc1.png'),
(92, 'Hilel Dudley', '1981-09-01', 'Konya', 'Mauris.non@dictum.ca', 105, 'cardiologist', 'Msc. in cardiologist', 'F', 'doc1.png'),
(93, 'Audra Buckner', '1986-06-24', 'Ceará', 'vitae.purus@convallisante.co.uk', 772, 'dentist', 'Msc. in dentist', 'M', 'doc1.png'),
(94, 'Chancellor Summers', '1984-04-30', 'Euskadi', 'Sed@pedePraesenteu.co.uk', 374, 'orthopedician', 'Msc. in orthopedician', 'F', 'doc1.png'),
(95, 'Malachi Charles', '1985-05-09', 'Wie', 'euismod@vestibulumloremsit.co.uk', 883, 'oncologist', 'Msc. in oncologist', 'M', 'doc1.png'),
(96, 'Kelly Finley', '1984-04-26', 'Metropolitana de Santiago', 'nec.eleifend@Aliquamadipiscing.com', 293, 'oncologist', 'Msc. in oncologist', 'M', 'doc1.png'),
(97, 'Dolan Kline', '1986-06-30', 'Dunbartonshire', 'magna.Praesent.interdum@egestasadui.edu', 386, 'gastroenterologist', 'Msc. in gastroenterologist', 'F', 'doc1.png'),
(98, 'Jordan Stone', '1988-03-02', 'MP', 'rutrum@pedesagittisaugue.com', 697, 'cardiologist', 'Msc. in cardiologist', 'F', 'doc1.png'),
(99, 'Katelyn Montgomery', '1988-09-12', 'Diy', 'sed@lectus.com', 445, 'orthopedician', 'Msc. in orthopedician', 'F', 'doc1.png'),
(100, 'Lars Sargent', '1987-11-10', 'Midlothian', 'vitae@orciconsectetuereuismod.net', 687, 'orthopedician', 'Msc. in orthopedician', 'F', 'doc1.png'),
(404, 'anish', '1995-12-12', 'asdasd', 'karmi214@gmail.com', 1234567, 'Dentist', 'asad', 'M', NULL),
(405, 'anish', '1995-12-12', 'asdasd', 'karmi214@gmail.com', 1234567, 'Dentist', 'asad', 'M', NULL);

-- --------------------------------------------------------

--
-- Table structure for table `news`
--

CREATE TABLE IF NOT EXISTS `news` (
  `news_id` int(11) NOT NULL AUTO_INCREMENT,
  `title` varchar(55) CHARACTER SET utf8 NOT NULL,
  `image` varchar(55) CHARACTER SET utf8 NOT NULL,
  `author` varchar(33) CHARACTER SET utf8 NOT NULL,
  `date` date NOT NULL,
  `detail` text CHARACTER SET utf8 NOT NULL,
  PRIMARY KEY (`news_id`)
) ENGINE=InnoDB  DEFAULT CHARSET=latin1 AUTO_INCREMENT=5 ;

--
-- Dumping data for table `news`
--

INSERT INTO `news` (`news_id`, `title`, `image`, `author`, `date`, `detail`) VALUES
(1, 'blood donation program', '591c78b36a4145.96796654.png', 'Admin', '2017-05-01', 'A blood donation campaign is going to be held at inside Kathmandu Medical Care hospital. Please share the information. <br><br> Venue:KMC hospital,Kathmandu<br> Time: From 11:00am to 2:00pm'),
(2, 'के हुन्छ हृदयाघातमा ?', '591c7a62cc51e9.02169388.jpg', 'sajan basnet', '2017-05-11', 'रोकथाम र नियन्त्रण गर्न सकिने भए पनि मुटु रोग विश्वव्यापी रुपमा पुरुष तथा महिला दुवैको मृत्युको प्रमुख कारक हो । हरेक देशमा स्वास्थ्य सेवाका सुविधा, जनताको जीवनशैली र देशको आर्थिक स्तर फरक–फरक हुने हुँदा मृत्युको कारण पनि फरक हुने गर्छ । संसारभरि नै मुटुरोग सबैभन्दा ठूलो ज्यानमारा रोग बनेको छ । मुटुरोग पछि मस्तिष्काघात, श्वासप्रश्वासको संक्रमण, झाडापखाला, एचआईभी्एड्स, सवारी दुर्घटना र समय अगावैको जन्म अन्य मृत्युका कारण हुन् ।  मुटुरोगमध्ये हृदयाघात एक जटिल किसिमको आकस्मिक अवस्था हो । मुटुका रक्तनली अर्थात् धमनीहरू र मुटु मै रगत जमेर रक्तसञ्चार बन्द भई यस्तो अवस्था आउने गर्छ । मुटुमा आवश्यक रगतको आपूर्ति बन्द हुँदा मुटुका रक्त कोषिकाको क्षति हुने वा तिनीहरू मर्ने कारण मानिसको अचानक मृत्यु हुने जोखिम आइपर्न सक्छ ।<br><br>  वास्तवमा यदि कसैलाई दोस्रोपटक हृदयाघात भएको छ भने पहिलो हृदयाघातका जस्तै लक्षण देखा नपर्न सक्छन् । केही मानिसमा कुनै पनि लक्षण नै नदेखिन पनि सक्छ । यसलाई सुशुप्त हृदयाघात भनिन्छ । हृदयाघातको उपचार यसको प्रकृति र गम्भीरतामा निर्भर रहन्छ । हृदयाघातका प्रचलित उपचारमा रगत पातलो पार्ने अर्थात् जमेको रगतलाई पगाल्ने औषधीको प्रयोग ९जसलाई थ्रम्बोलाइसिस भनिन्छ, कार्डियाक इन्टरभेन्सन् अर्थात् कोरोनरी एन्जियोप्लाष्टि र मुटुको शल्यक्रियाजस्ता प्रक्रिया पर्छन् ।  एन्जियोग्राफी पश्चात् मुटुको ओपन हार्ट सर्जरी जस्ता प्रक्रिया पनि अपनाइन्छन् । यी प्रक्रियामध्ये मुटुका धमनीमा रोकावटका कारण रक्त प्रवाह बन्द भई हुने हृदयाघातको उपचारमा सबैभन्दा प्रचलित प्रक्रिया एन्जियोप्लाष्टी नै हो । उपचारको मुख्य उद्देश्य नै बिरामीलाई अकस्मात मृत्युबाट बचाउनु र भविष्यमा आइपर्न सक्ने मुटुरोगसम्बन्धी कुनै पनि जोखिमबाट बचाउनु हो । यो प्रक्रिया अपनाउँदा तिघ्राको कापमा वा दाहिने अथवा देब्रे हातमा एउटा सानो प्वाल पारिन्छ । बिरामीको पीडा वा दुखाई कम गर्न प्वाल पारिने स्थानमा लठ्याउने औषधी दिइन्छ ।  <br><br> के गरिन्छ एन्जियोप्लाष्टीमा ?<br>  एन्जियोप्लाष्टीमा क्याथेटर भनिने एउटा सानो ट्युब बिरामीको मुटुको धमनीसम्म पठाइन्छ । मुटुको एक्स–रे लिंदै क्याथेटरलाई बन्द भएको वा साँघुरिएको धमनीसम्म पु¥याइन्छ । बन्द भएको धमनीको भाग पत्ता लगाइसकेपछि क्याथेटरको टुप्पोमा रहेको बेलुनलाई फुलाइन्छ र बन्द भएको वा साँघुरिएको धमनीलाई खोलिन्छ । यसरी बन्द भएको भाग खोलेपछि मुटुमा रक्तप्रवाह पुनः स्थापित गराइन्छ । धमनीको बन्द भएको वा साँघुरिएको भाग पुनः बन्द नहोस् भन्नका लागि त्यहाँ एउटा ‘स्टेन्ट’ जडान अर्थात् प्रत्यारोपण गरिन्छ ।  स्टेन्ट हालसम्म जम्मा तीन किसिमका छन् । ती हुन् – औषधिरहित धातुको स्टेन्ट ९जुन सबैभन्दा सस्तो हुन्छ०, अर्को औषधी लेपन गरिएको स्टेन्ट (यो केही महँगो हुन्छ) र तेस्रो अत्याधुनिक मांसपेशीमै विलय हुने स्टेन्ट । तेस्रो किसिमको स्टेन्टले जडान गरिएको धमनीमा औषधिका माध्यमबाट यथेष्ठ रक्त प्रवाह गराइसकेपछि र चोट ठीक भइसकेपछि त्यही भागमा विलय भएर जान्छ ।  अनुसन्धानकर्ताहरूले के विश्वास गरेका छन् भने यस्तो किसिमको स्टेन्ट धमनीमा जडान गरिसकेपछि त्यस स्थानको रोकावट वा अवरोध खोल्न धातुको स्टेन्ट राखिरहनु पर्दैन । रक्तनलीहरूमा धातुको स्टेन्ट जडान गरेर छाड्नुपर्ने अवस्थाबाट यस खाले स्टेन्टले बिरामीलाई राहत दिन सक्छ । रक्तनलीहरू आफ्नो पूरानै अवस्थामा फर्कने सम्भावना रहन्छ र भविष्यमा आइपर्न सक्ने त्यस खाले प्रक्रियाहरूबाट समेत बिरामीलाई जोगाउँदछ । स्टेन्ट जडान गरिसकेपछि क्याथेटरलाई झिकिन्छ र सामान्यतः यो प्रक्रिया पूरा हुन २० देखि ४५ मिनेटको समय लाग्दछ । तर कहिलेकाँही प्राविधिक रुपले जटिल अवस्था सृजना भई धेरै समय लाग्ने गर्दछ ।  ९६ प्रतिशतभन्दा बढी एन्जियोप्लाष्टी प्रक्रिया तत्कालै सफल हुन्छन् । रोकावट भएको धमनीबाट रक्तप्रवाह सुचारु भएपछि बिरामीले तत्कालै राहत पाउने, सामान्य अवस्थामा फर्कने र उसको छाति दुखाई ९एन्जाइना० कम हुन्छ । तर जटिल प्रकृतिका धमनीका रोग भएका बिरामी भने पूर्णतया ठीक नहुन पनि सक्छन् तर पनि तिनमा रोगको लक्षण भने कम हुँदै जान्छ र तिनीहरूलाई सक्रिय र सहज जीवन जीउन सजिलो पर्छ । मुटुको शल्यक्रिया गरेको अवस्थामा भन्दा एन्जियोप्लाष्टी गर्दाको अवस्थामा बिरामीहरू चाँडै निको हुन्छन् । धेरैजसो बिरामी एन्जियोप्लाष्टी गरेको दिन घर फर्कन सक्छन् भने केही बिरामी एन्जियोप्लाष्टि गरेको दोस्रो बिहान फर्कन्छन् ।  जनताका लागि मेडिकल इन्सुरेन्स नगरेको हाम्रो जस्तो देशमा एन्जियोप्लाष्टी प्रक्रिया निकै महँगो सावित हुन्छ । त्यो हाम्रा लागि नकारात्मक पक्ष हो । अर्कोतर्फ धमनी धेरै साँघुरिएका वा बन्द भएका बिरामीमा एन्जियोप्लाष्टी प्रक्रिया त्यति फलदायी नहुन सक्छ । त्यसरी नै खोलिएको धमनी एन्जियोप्लाष्टी पछि पुनः बन्द हुने वा साँघुरिने सम्भावना रहन्छ । धमनी पुनः साँघुरिएको वा बन्द भएको अवस्थामा बिरामीलाई पुनः छाति दुख्ने हुन्छ र फेरि हृदयाघात हुन पनि सक्छ । पुनः बन्द भएको धमनीलाई दोस्रो एन्जियोप्लाष्टी वा कहिलेकाँही मुटुको बाइपास शल्यक्रिया वा औषधि उपचारबाट कम गर्न सक्छ ।  एन्जियोप्लाष्टीपछि के गर्ने ?<br><br>  एन्जियोप्लाष्टी गरिसकेपछि आफ्नो जीवनशैलीमा सुधार ल्याएर आहार–व्यवहारमा नियन्त्रण गरेर वा शारीरिक क्रियाकलाप बढाएर आफूलाई स्वस्थ र स्फूर्त राख्नुपर्छ । नियमित रुपमा चिकित्सकको सम्पर्कमा रहने र सल्लाह अनुसार कोपिडग्रेल र एस्पीरिन जस्ता औषधि चिकित्सकको अनुमति बिना छाड्नु हुँदैन । त्यसका साथसाथै धू्रमपान त्याग्ने, चिनीको रोग भए नियन्त्रणमा राख्ने, रक्तचाप भए नियमित परीक्षण गर्ने र आफ्नो शारीरिक तौल बढ्न नदिने गर्नुपर्छ । साथै बोसोयुक्त खाना र कोलेस्टेरोल बढ्ने खाना पूर्णतया बन्द गर्नुपर्छ । मांसहारी भए रातो मासु नखाने, चिल्लोयुक्त दुग्ध पदार्थ ९चिज, घ्यू० नखाने र बजारमा पाइने तयारी खाना बन्द गर्नुपर्ने हुन्छ । त्यसको बदलामा दैनिक रुपमा ताजा साजसब्जी र फलफूलमा वृद्धि गर्ने र मद्यपान गर्ने बानी छ हार्ड ड्रिङ्सको सट्टा निश्चित मात्रामा रेड वाइनजस्ता पेय पदार्थ लिने बानी बसाल्नुपर्छ ।  भविष्यमा आफूलाई तन्दुरुस्त राख्न आजैबाट नियमित रुपमा व्यायाम गर्ने बानी बसाल्नुहोस् । याद रहोस् शारीरिक व्यायामले तपाईको मुटुलाई रक्षा गर्नुका साथै शरीरको शक्ति सन्तुलन र मानसिक शान्तिका लागि सकारात्मक भूमिका खेल्छ । दैनिक हिंड्नु व्यायामको एक सजिलो उपाय हो । यदि तपाई ठूलाठूला भवनमा माथि चढ्दा लिफ्टको प्रयोग गर्नुहुन्छ भने त्यसलाई छाडेर भ¥याङ्गबाटै माथि चढ्ने, कतै जाँदा बस अथवा कारमा यात्रा गर्नुभन्दा हिंडेर जाने बानी गर्नु उपयुक्त हुन्छ ।  <br><br> के हुन्छ हृदयाघातमा ?<br>  हृदयाघात भएका बेला त्यसका लक्षण करिब ३० मिनेट वा बढी समयसम्मका लागि रहनसक्छ । हृदयाघात हुने बेलामा सामान्यतया छातिमा असजिलो हुने, रक्तचाप बढ्ने, सबै छाति गह्रुँगो भएको महसुस हुने र छाति दुख्ने हुन्छ । पाखुरा वा छातिको करङको तल्लो भाग दुख्ने अथवा दुखाई सर्दै गएर पिठ्यूँ, बँगारा, गर्धन अथवा हाततिर पुग्ने वा समग्रमा सबैतिर दुख्ने, अपच हुने, श्वास फेर्न गा¥हो भएको महसूस हुने, चिटचिट पसिना आउने, वाकवाकी लाग्ने, बान्ता हुने, झुम्म लागेजस्तो हुने, कमजोरी हुने, बेचैनी हुने, स्वाँस्वाँ बढ्ने र मुटुको धड्कन छिटोछिटो हुने वा अनियमित हुने जस्ता लक्षण देखा पर्छन् ।  जेसुकै भएपनि यदि तपाईलाई हृदयाघात भएको शंका भएमा तत्कालै हृदयरोग उपचार केन्द्रमा सम्पर्क गर्नुपर्छ । साथै त्यस अवस्थामा एक ट्याब्लेट एस्पिरिन ९३०० मिग्रा बिरामीलाई तत्कालै ख्वाइदिनु पर्छ । तत्कालै गरिएको उपचार बिरामीको मुटुमा धेरै हानी हुनुबाट जोगाउने एक उपयुक्त तरिका हुनसक्छ ।'),
(3, ' What is Diabetes?', '591c7fa02aa166.44643843.jpg', 'ram karmi', '2017-05-02', 'Diabetes can strike anyone, from any walk of life.  And it does – in numbers that are dramatically increasing. In the last decade, the cases of people living with diabetes jumped almost 50 percent – to more than 29 million Americans.    Worldwide, it afflicts more than 380 million people.  And the World Health Organization estimates that by 2030, that number of people living with diabetes will more than double.    Today, diabetes takes more lives than AIDS and breast cancer combined -- claiming the life of 1 American every 3 minutes.  It is a leading cause of blindness, kidney failure, amputations, heart failure and stroke.   Living with diabetes places an enormous emotional, physical and financial burden on the entire family. Annually, diabetes costs the American public more than $245 billion.   Just what is diabetes?    To answer that, you first need to understand the role of insulin in your body.    When you eat, your body turns food into sugars, or glucose. At that point, your pancreas is supposed to release insulin.    Insulin serves as a “key” to open your cells, to allow the glucose to enter -- and allow you to use the glucose for energy.    But with diabetes, this system does not work.    Several major things can go wrong – causing the onset of diabetes. Type 1 and type 2 diabetes are the most common forms of the disease, but there are also other kinds, such as gestational diabetes, which occurs during pregnancy, as well as other forms.   '),
(4, 'Kidney Transplant in Nepal is Now Free of Cost', '591c808f6c78c0.71428245.jpg', 'dr.kamal shrestha', '2017-05-04', 'Following the cost-free dialysis service introduced in Nepal last year, the Government has now made kidney transplants free in Nepal.  There is a prevalence of renal failure patients in Nepal. The rich ones may have it a little easier as they can afford to treatment. But those who aren’t very prosperous have been forced to live their lives supported by periodic dialysis just because they are unable to afford the cost of a kidney transplant.  It’s a good news to all of the kidney patients and their families that the Ministry of Health has brought forth a decision to make kidney transplants free in Nepal.  Health Minister, Gagan Thapa, said that the decision has been made to favor those who cannot afford to pay the kidney transplant costs.  “The decision has been made by the Ministry, other important preparations will be made to bring the decision into effect,” said Thapa.  However, there is one condition. To get the facility, it is mandatory that the transplant procedure is carried out within Nepal and not elsewhere.  According to Statistics, every year Nepal sees around 3000 patients with cases of kidney failure. However, only around 220 are known to have received treatment with a kidney transplant in Nepal or in any other country. Nepal has a total of 201 dialysers in 21 hospitals across the country. Around 1930 patients are using them for dialysis every year.  “We have increased the margins of receiving organs from a live donor. We have also made the necessary legal arrangements for taking organ donations from brain-dead patients,” said Thapa. He added, “I will be easier to receive organs for transplant and the transplant will be free of cost. It will make things much easier for kidney patients.”  According to Health Minister, the necessary steps are being taken to make sure the medicines the patients take post-operation are of good quality and are easily available.  Thapa also said that this step has been taken keeping long-term benefits in mind. “Instead of continuing life by means of dialysis, a transplant can help people return back to normal life,” Thapa said. “This will, in the long-term, increase productivity and reduce the cost of providing dialysis to patients.” He also said that even the experts suggested that instead of a free dialysis, a transplant can help patients return to work and help in the nation’s GDP.  In addition, the Ministry of Health is also taking forward the initiative to reduce the number of kidney patients and increase awareness about renal health among the general public.  The cost of kidney transplants are unbelievably high. Tribhuvan University Teaching Hospital charges around NPR 400,000 to 500,000 for the transplant, while the Human Organ Transplant Centre charges NPR 300,000. The HLA test done before the operation alone costs about NPR 100,000.  The initiative by Ministry of Health indeed is a good one. Now people will not have to worry about not being able to afford treatment. It will, surely, help in the overall health, well being and productivity of the country.');

-- --------------------------------------------------------

--
-- Table structure for table `news_comments`
--

CREATE TABLE IF NOT EXISTS `news_comments` (
  `news_id` int(11) NOT NULL,
  `comments_id` int(11) NOT NULL AUTO_INCREMENT,
  `user_id` int(33) NOT NULL,
  `comments` varchar(200) CHARACTER SET utf8 NOT NULL,
  `date` varchar(33) CHARACTER SET utf8 NOT NULL,
  PRIMARY KEY (`comments_id`)
) ENGINE=InnoDB  DEFAULT CHARSET=latin1 AUTO_INCREMENT=44 ;

--
-- Dumping data for table `news_comments`
--

INSERT INTO `news_comments` (`news_id`, `comments_id`, `user_id`, `comments`, `date`) VALUES
(2, 41, 402, 'asddddddddddddd', '2017 Jun 15 at 10:19:16am'),
(2, 42, 402, 'qqqq', '2017 Jun 15 at 10:19:35am'),
(2, 43, 101, 'asdddddasdasd', '2017 Jun 15 at 10:28:47am');

-- --------------------------------------------------------

--
-- Table structure for table `patient_detail`
--

CREATE TABLE IF NOT EXISTS `patient_detail` (
  `patient_id` int(11) NOT NULL AUTO_INCREMENT,
  `name` varchar(50) DEFAULT NULL,
  `dob` date DEFAULT NULL,
  `email` varchar(50) DEFAULT NULL,
  `sex` varchar(1) DEFAULT NULL,
  `blood` varchar(3) NOT NULL,
  `phone` varchar(20) DEFAULT NULL,
  `address` varchar(50) DEFAULT NULL,
  PRIMARY KEY (`patient_id`)
) ENGINE=InnoDB  DEFAULT CHARSET=latin1 AUTO_INCREMENT=408 ;

--
-- Dumping data for table `patient_detail`
--

INSERT INTO `patient_detail` (`patient_id`, `name`, `dob`, `email`, `sex`, `blood`, `phone`, `address`) VALUES
(101, 'Emily Wright', '2000-01-26', 'ewright0@paypal.com', 'F', 'AB-', '86-(198)364-7100', '62080 Corscot Drive'),
(102, 'Alice Morris', '1993-02-02', 'amorris1@booking.com', 'F', 'O-', '63-(706)945-1841', '6888 Maywood Way'),
(103, 'Irene Cole', '2016-12-19', 'icole2@buzzfeed.com', 'F', 'A-', '54-(320)403-3618', '43436 Mallory Junction'),
(104, 'Tina Alvarez', '2003-04-07', 'talvarez3@linkedin.com', 'F', 'A+', '380-(627)805-0876', '1243 Brickson Park Alley'),
(105, 'Lisa Brooks', '2007-12-17', 'lbrooks4@a8.net', 'F', 'O+', '380-(106)728-6330', '0 Miller Court'),
(106, 'Carolyn Wallace', '1976-05-01', 'cwallace5@bandcamp.com', 'F', 'O+', '62-(271)989-7228', '475 Surrey Crossing'),
(107, 'Eugene Carroll', '1996-03-03', 'ecarroll6@fda.gov', 'M', 'A+', '62-(580)269-2282', '2496 Ruskin Terrace'),
(108, 'Julie Hanson', '1992-04-16', 'jhanson7@hugedomains.com', 'F', 'O-', '380-(626)915-3402', '99 Sundown Parkway'),
(109, 'Brenda Ferguson', '1983-12-29', 'bferguson8@lycos.com', 'F', 'O-', '220-(839)123-5006', '436 Scofield Circle'),
(110, 'Peter Ruiz', '1997-09-14', 'pruiz9@loc.gov', 'M', 'A-', '62-(194)922-9066', '00042 Jay Drive'),
(111, 'John Murray', '2014-10-06', 'jmurraya@slate.com', 'M', 'O-', '672-(753)194-8549', '00 Upham Hill'),
(112, 'Adam Wheeler', '2010-09-20', 'awheelerb@unblog.fr', 'M', 'B-', '359-(566)694-4107', '45692 Mosinee Crossing'),
(113, 'William Hall', '2014-09-29', 'whallc@webs.com', 'M', 'AB-', '62-(808)352-7331', '5 Fieldstone Hill'),
(114, 'Frances Diaz', '2002-04-28', 'fdiazd@mit.edu', 'F', 'B+', '970-(172)155-8273', '8 Hallows Court'),
(115, 'Willie Jones', '2003-11-10', 'wjonese@sohu.com', 'M', 'O-', '55-(658)146-0827', '3 Lien Circle'),
(116, 'Frank Snyder', '2011-11-26', 'fsnyderf@cdbaby.com', 'M', 'AB+', '51-(579)984-3211', '320 Claremont Alley'),
(117, 'Louise Diaz', '1971-05-09', 'ldiazg@yandex.ru', 'F', 'AB-', '7-(641)652-4077', '11789 Moose Parkway'),
(118, 'Victor Foster', '1982-07-24', 'vfosterh@amazon.de', 'M', 'A+', '63-(401)454-1941', '642 Main Road'),
(119, 'Aaron Mills', '1998-03-01', 'amillsi@zimbio.com', 'M', 'A-', '86-(213)684-5625', '85188 Commercial Trail'),
(120, 'Janet James', '1997-05-04', 'jjamesj@businessweek.com', 'F', 'O+', '7-(815)453-6033', '289 Garrison Terrace'),
(121, 'Paula Gardner', '2004-08-30', 'pgardnerk@purevolume.com', 'F', 'AB-', '62-(393)979-0541', '76184 Hovde Circle'),
(122, 'Howard Gardner', '2012-03-06', 'hgardnerl@icio.us', 'M', 'A+', '62-(966)145-2742', '026 Walton Center'),
(123, 'Bruce Campbell', '1986-08-20', 'bcampbellm@kickstarter.com', 'M', 'O-', '86-(230)173-6377', '48995 Summerview Lane'),
(124, 'Mark Powell', '2008-05-06', 'mpowelln@tinypic.com', 'M', 'AB-', '962-(804)753-2378', '49 Ruskin Terrace'),
(125, 'Marie Hernandez', '1987-09-25', 'mhernandezo@cargocollective.com', 'F', 'AB+', '57-(634)246-1136', '6 Express Alley'),
(126, 'Carlos Cunningham', '2003-12-31', 'ccunninghamp@live.com', 'M', 'A-', '86-(128)485-9222', '4459 Tomscot Center'),
(127, 'Albert Price', '1980-08-30', 'apriceq@un.org', 'M', 'O-', '381-(882)656-7026', '8194 School Parkway'),
(128, 'Harry Grant', '1985-03-18', 'hgrantr@va.gov', 'M', 'B-', '62-(976)352-6777', '06 Hansons Lane'),
(129, 'Shirley Armstrong', '1975-05-22', 'sarmstrongs@bandcamp.com', 'F', 'A-', '358-(735)649-5357', '6 Emmet Junction'),
(130, 'Patrick Phillips', '1971-12-22', 'pphillipst@macromedia.com', 'M', 'O+', '86-(982)587-2044', '1 Blaine Road'),
(131, 'Margaret Baker', '2017-02-22', 'mbakeru@kickstarter.com', 'F', 'O+', '963-(941)913-5549', '325 Scott Plaza'),
(132, 'Victor Snyder', '1983-04-28', 'vsnyderv@clickbank.net', 'M', 'O-', '62-(237)821-9570', '012 Crownhardt Hill'),
(133, 'Donald Ramos', '1996-04-17', 'dramosw@ezinearticles.com', 'M', 'B-', '86-(329)505-4256', '52662 Hollow Ridge Drive'),
(134, 'Charles Daniels', '1998-06-19', 'cdanielsx@theatlantic.com', 'M', 'AB+', '7-(194)666-3288', '882 Clarendon Court'),
(135, 'Alan Duncan', '2010-08-13', 'aduncany@posterous.com', 'M', 'O-', '46-(385)683-5510', '0172 Twin Pines Lane'),
(136, 'Patricia Ford', '1973-07-08', 'pfordz@telegraph.co.uk', 'F', 'B+', '86-(114)191-9588', '63 Ryan Circle'),
(137, 'Linda Evans', '1986-03-19', 'levans10@netscape.com', 'F', 'A-', '84-(900)819-5373', '5 Nobel Lane'),
(138, 'Dennis Owens', '1986-03-28', 'dowens11@xing.com', 'M', 'B-', '63-(267)299-9276', '09839 Menomonie Junction'),
(139, 'Betty Lee', '1973-08-23', 'blee12@hexun.com', 'F', 'O+', '86-(352)532-8973', '88043 Farmco Plaza'),
(140, 'Lawrence Boyd', '2016-02-25', 'lboyd13@histats.com', 'M', 'O+', '261-(254)800-4385', '6319 Grayhawk Avenue'),
(141, 'Kenneth Graham', '1995-11-11', 'kgraham14@ask.com', 'M', 'AB+', '355-(945)369-0643', '8849 Union Place'),
(142, 'Raymond Moreno', '2011-08-06', 'rmoreno15@dedecms.com', 'M', 'AB+', '63-(783)186-4011', '1 Grasskamp Crossing'),
(143, 'Michelle Matthews', '1973-09-24', 'mmatthews16@businessinsider.com', 'F', 'AB-', '7-(608)463-8062', '09271 Myrtle Lane'),
(144, 'Maria Washington', '1988-04-20', 'mwashington17@nps.gov', 'F', 'AB-', '383-(675)596-4639', '269 Old Shore Parkway'),
(145, 'Ralph Cox', '2012-12-13', 'rcox18@disqus.com', 'M', 'B-', '86-(760)180-7965', '2 Dawn Plaza'),
(146, 'Fred Richardson', '1979-09-05', 'frichardson19@prnewswire.com', 'M', 'B+', '269-(595)336-4503', '5 Green Ridge Drive'),
(147, 'Joyce Snyder', '1997-10-08', 'jsnyder1a@businessinsider.com', 'F', 'AB-', '255-(567)133-4024', '1904 Helena Point'),
(148, 'Craig Ramirez', '2003-08-22', 'cramirez1b@seesaa.net', 'M', 'O+', '33-(738)581-7534', '4100 Amoth Crossing'),
(149, 'Deborah Walker', '1996-08-19', 'dwalker1c@elpais.com', 'F', 'A-', '81-(675)296-9188', '49 Pleasure Plaza'),
(150, 'Larry Olson', '1974-08-20', 'lolson1d@wufoo.com', 'M', 'AB-', '7-(252)974-0694', '614 Vahlen Road'),
(151, 'Clarence Riley', '1973-08-08', 'criley1e@uol.com.br', 'M', 'A+', '351-(869)960-9541', '12006 Beilfuss Drive'),
(152, 'Dorothy Wallace', '2002-02-05', 'dwallace1f@behance.net', 'F', 'A-', '880-(744)381-4655', '57 Logan Terrace'),
(153, 'Lois Rice', '2006-08-22', 'lrice1g@seesaa.net', 'F', 'B-', '1-(770)299-8333', '0 Little Fleur Park'),
(154, 'Albert Cruz', '2007-07-07', 'acruz1h@mozilla.org', 'M', 'AB+', '86-(986)647-4530', '6819 Dayton Drive'),
(155, 'Angela Rivera', '1985-07-25', 'arivera1i@house.gov', 'F', 'A-', '256-(878)187-4075', '06399 Cordelia Place'),
(156, 'Catherine Reed', '1995-01-01', 'creed1j@mayoclinic.com', 'F', 'B+', '55-(585)473-9871', '7424 Nova Street'),
(157, 'Eric Grant', '1977-07-28', 'egrant1k@bandcamp.com', 'M', 'AB-', '358-(323)929-9960', '3362 Schiller Trail'),
(158, 'Karen Moreno', '1970-08-03', 'kmoreno1l@disqus.com', 'F', 'A+', '46-(441)287-5411', '622 Summer Ridge Terrace'),
(159, 'Martin Hughes', '2005-12-02', 'mhughes1m@mediafire.com', 'M', 'AB+', '218-(933)723-9314', '5588 Spaight Court'),
(160, 'Craig Nguyen', '1997-05-05', 'cnguyen1n@howstuffworks.com', 'M', 'B-', '63-(432)996-5236', '10 Crowley Parkway'),
(161, 'Larry Fields', '1981-06-06', 'lfields1o@guardian.co.uk', 'M', 'B+', '62-(756)839-7809', '827 Moland Lane'),
(162, 'Adam Gutierrez', '2011-06-07', 'agutierrez1p@narod.ru', 'M', 'A-', '1-(719)215-1277', '66 Cambridge Pass'),
(163, 'Joe Flores', '1991-11-20', 'jflores1q@bloglines.com', 'M', 'A+', '255-(537)731-0638', '7 Northport Pass'),
(164, 'Anne Cruz', '2000-11-13', 'acruz1r@ebay.co.uk', 'F', 'O+', '55-(953)769-9141', '09617 Butternut Circle'),
(165, 'Lisa Hughes', '1977-09-29', 'lhughes1s@reuters.com', 'F', 'O+', '62-(647)715-3805', '94 Elmside Parkway'),
(166, 'Kathleen West', '2001-09-29', 'kwest1t@wordpress.org', 'F', 'O+', '63-(894)305-1789', '476 Sachs Hill'),
(167, 'Gloria Rogers', '2016-05-01', 'grogers1u@businessweek.com', 'F', 'O-', '98-(856)115-1115', '9 3rd Hill'),
(168, 'Nicole Berry', '2005-09-10', 'nberry1v@devhub.com', 'F', 'O-', '44-(565)158-5445', '95901 Myrtle Circle'),
(169, 'Sandra Hughes', '1971-01-28', 'shughes1w@cbsnews.com', 'F', 'B+', '93-(171)159-0374', '80126 Lyons Pass'),
(170, 'Frances Parker', '1974-10-24', 'fparker1x@com.com', 'F', 'A-', '381-(294)230-0229', '31 Mayer Parkway'),
(171, 'Judith Armstrong', '1989-03-20', 'jarmstrong1y@senate.gov', 'F', 'A-', '371-(893)440-4496', '95 Hoffman Park'),
(172, 'Eric Hill', '2005-04-05', 'ehill1z@1688.com', 'M', 'AB-', '381-(203)483-0882', '701 Golf Course Road'),
(173, 'Carolyn Simpson', '1972-08-15', 'csimpson20@topsy.com', 'F', 'A+', '46-(947)183-2734', '39557 East Street'),
(174, 'Wanda Porter', '1976-02-07', 'wporter21@yandex.ru', 'F', 'B-', '66-(241)253-2724', '57 Warrior Street'),
(175, 'Justin Fisher', '2016-04-06', 'jfisher22@google.de', 'M', 'AB+', '62-(868)207-0687', '014 Main Terrace'),
(176, 'Diane Fernandez', '1989-09-24', 'dfernandez23@nps.gov', 'F', 'AB-', '420-(939)486-8902', '84 Dawn Circle'),
(177, 'Kathy Stone', '1985-01-28', 'kstone24@stumbleupon.com', 'F', 'B-', '7-(503)387-4645', '855 Hoard Street'),
(178, 'Justin Jacobs', '1975-02-25', 'jjacobs25@stumbleupon.com', 'M', 'B-', '57-(884)464-3702', '786 Prentice Park'),
(179, 'Joyce Stanley', '2012-10-15', 'jstanley26@hao123.com', 'F', 'O+', '63-(264)752-5940', '765 Holmberg Point'),
(180, 'Jane Coleman', '1998-05-16', 'jcoleman27@discovery.com', 'F', 'AB-', '86-(704)396-8199', '417 Surrey Junction'),
(181, 'Donna Hill', '1981-02-07', 'dhill28@live.com', 'F', 'B+', '86-(158)424-7317', '52826 Mosinee Plaza'),
(182, 'Brandon Gibson', '1994-05-19', 'bgibson29@prnewswire.com', 'M', 'A+', '33-(260)127-9517', '65700 Eggendart Plaza'),
(183, 'Richard Duncan', '2013-06-14', 'rduncan2a@sciencedirect.com', 'M', 'O+', '351-(978)528-7801', '801 Scofield Junction'),
(184, 'Brian Murray', '1975-05-09', 'bmurray2b@pen.io', 'M', 'A-', '381-(965)805-7356', '8 Graedel Parkway'),
(185, 'Nicole Henderson', '1979-12-15', 'nhenderson2c@miibeian.gov.cn', 'F', 'O-', '236-(314)784-8633', '99 Hollow Ridge Pass'),
(186, 'Rebecca Harvey', '1971-11-04', 'rharvey2d@tamu.edu', 'F', 'AB+', '63-(807)168-0680', '2818 Fulton Avenue'),
(187, 'Amy Reyes', '2008-09-03', 'areyes2e@scientificamerican.com', 'F', 'O+', '86-(899)565-5647', '9 Darwin Lane'),
(188, 'David Wheeler', '1987-07-22', 'dwheeler2f@businessinsider.com', 'M', 'AB+', '389-(936)368-5146', '0 Old Gate Avenue'),
(189, 'Teresa Harvey', '2009-06-10', 'tharvey2g@aol.com', 'F', 'A+', '62-(715)911-9880', '940 Rutledge Drive'),
(190, 'Susan Foster', '1970-08-24', 'sfoster2h@flickr.com', 'F', 'B+', '63-(490)402-0664', '96371 Jackson Court'),
(191, 'Lisa Willis', '1994-11-30', 'lwillis2i@ucoz.com', 'F', 'AB-', '62-(175)607-5088', '057 Blue Bill Park Place'),
(192, 'Helen Taylor', '2010-10-28', 'htaylor2j@webeden.co.uk', 'F', 'O-', '63-(710)368-9140', '17 Kensington Trail'),
(193, 'Jerry Hill', '1974-02-02', 'jhill2k@cbslocal.com', 'M', 'AB-', '63-(249)426-2231', '321 Cardinal Trail'),
(194, 'Anne Nguyen', '1980-12-20', 'anguyen2l@pen.io', 'F', 'AB+', '381-(919)561-5860', '53634 Esker Way'),
(195, 'Tina Thompson', '2008-05-24', 'tthompson2m@cdbaby.com', 'F', 'O+', '86-(152)902-5086', '944 Riverside Parkway'),
(196, 'Lois Ray', '1977-04-12', 'lray2n@spiegel.de', 'F', 'O-', '1-(302)627-7122', '639 Ridge Oak Road'),
(197, 'Kevin Lawrence', '1997-10-17', 'klawrence2o@thetimes.co.uk', 'M', 'O+', '84-(955)838-6574', '326 Cody Place'),
(198, 'Bobby Kelly', '2007-10-15', 'bkelly2p@clickbank.net', 'M', 'AB+', '81-(272)209-7286', '33 Larry Hill'),
(199, 'Christopher Anderson', '2012-07-22', 'canderson2q@ustream.tv', 'M', 'A-', '33-(501)699-3281', '974 Coleman Place'),
(200, 'Pamela Allen', '1999-03-04', 'pallen2r@privacy.gov.au', 'F', 'O+', '81-(776)240-0469', '906 Esker Court'),
(201, 'Harold Murray', '2008-09-09', 'hmurray2s@hc360.com', 'M', 'O+', '86-(146)271-3623', '0 Scofield Avenue'),
(202, 'Joseph Bennett', '1981-11-18', 'jbennett2t@nature.com', 'M', 'AB-', '1-(502)831-2110', '08 Independence Trail'),
(203, 'Ryan Torres', '1977-06-04', 'rtorres2u@1688.com', 'M', 'AB-', '502-(987)304-5285', '35510 Killdeer Terrace'),
(204, 'Diane Jacobs', '2014-02-11', 'djacobs2v@multiply.com', 'F', 'B+', '81-(826)950-4352', '29 Texas Alley'),
(205, 'Sara Lewis', '2008-06-27', 'slewis2w@uol.com.br', 'F', 'A-', '81-(766)638-4734', '8 Talmadge Point'),
(206, 'Kathleen Porter', '1981-01-16', 'kporter2x@sakura.ne.jp', 'F', 'AB-', '56-(106)107-8528', '8 Lotheville Street'),
(207, 'Jessica Fuller', '2014-06-30', 'jfuller2y@hhs.gov', 'F', 'A-', '55-(310)932-6668', '7 Westridge Crossing'),
(208, 'Chris Wright', '2016-04-08', 'cwright2z@statcounter.com', 'M', 'B+', '351-(673)530-6533', '83201 Amoth Terrace'),
(209, 'Amanda Garrett', '1982-01-15', 'agarrett30@cam.ac.uk', 'F', 'O+', '86-(945)903-3618', '9697 Arrowood Terrace'),
(210, 'Anthony Cole', '2013-05-04', 'acole31@china.com.cn', 'M', 'AB-', '502-(835)274-4711', '57 Vernon Drive'),
(211, 'Kathleen Walker', '2016-11-25', 'kwalker32@ow.ly', 'F', 'O-', '86-(930)508-2289', '54 Heffernan Court'),
(212, 'Lori Phillips', '1975-04-19', 'lphillips33@nyu.edu', 'F', 'AB+', '63-(889)323-6760', '26509 Pawling Hill'),
(213, 'Raymond Schmidt', '1978-02-03', 'rschmidt34@blinklist.com', 'M', 'O+', '86-(164)666-4672', '096 Mosinee Circle'),
(214, 'Carlos Cruz', '1999-07-25', 'ccruz35@tinyurl.com', 'M', 'AB+', '86-(396)285-7173', '116 Hoard Park'),
(215, 'Mary Nichols', '2001-06-17', 'mnichols36@pcworld.com', 'F', 'A-', '46-(942)379-3746', '40507 Anzinger Center'),
(216, 'Jean Brown', '2000-11-29', 'jbrown37@angelfire.com', 'F', 'B-', '62-(633)419-7739', '2409 Forster Plaza'),
(217, 'Melissa Stanley', '1984-08-27', 'mstanley38@seesaa.net', 'F', 'O+', '351-(593)763-1476', '945 Havey Alley'),
(218, 'Steven Cox', '1983-12-11', 'scox39@dropbox.com', 'M', 'O-', '351-(177)342-8342', '392 Clove Way'),
(219, 'Alice Thomas', '2000-08-01', 'athomas3a@list-manage.com', 'F', 'O-', '63-(206)324-4006', '114 Valley Edge Plaza'),
(220, 'Mary Reynolds', '1971-11-23', 'mreynolds3b@dot.gov', 'F', 'AB+', '63-(822)471-3433', '089 Holmberg Street'),
(221, 'Martin George', '1979-07-02', 'mgeorge3c@vistaprint.com', 'M', 'B-', '994-(593)262-9083', '08 Burrows Crossing'),
(222, 'Sharon Garcia', '2013-09-22', 'sgarcia3d@google.com.au', 'F', 'B-', '63-(303)157-1813', '7 Trailsway Hill'),
(223, 'Pamela Wright', '1979-04-10', 'pwright3e@sciencedaily.com', 'F', 'AB-', '86-(832)406-7810', '18 Sutteridge Terrace'),
(224, 'Carlos Grant', '2006-05-14', 'cgrant3f@hugedomains.com', 'M', 'A+', '380-(645)106-5798', '93 Valley Edge Avenue'),
(225, 'Emily Carpenter', '1994-09-15', 'ecarpenter3g@imageshack.us', 'F', 'O-', '86-(531)939-4077', '4 Maple Lane'),
(226, 'Edward Richardson', '2001-08-02', 'erichardson3h@booking.com', 'M', 'B+', '976-(983)373-0574', '0 Prairieview Park'),
(227, 'Marie Gonzalez', '1981-05-30', 'mgonzalez3i@theatlantic.com', 'F', 'B+', '55-(562)740-0260', '59187 Thompson Crossing'),
(228, 'Michelle Simmons', '1977-01-16', 'msimmons3j@taobao.com', 'F', 'AB+', '86-(297)705-5035', '24 Green Ridge Lane'),
(229, 'Bonnie Stephens', '1998-08-21', 'bstephens3k@ask.com', 'F', 'A-', '81-(303)505-3453', '69503 Harper Circle'),
(230, 'Debra Chavez', '2007-08-18', 'dchavez3l@ted.com', 'F', 'AB-', '1-(717)471-1998', '14964 Larry Alley'),
(231, 'George Russell', '1991-09-24', 'grussell3m@hugedomains.com', 'M', 'AB-', '57-(201)808-1974', '6 Milwaukee Place'),
(232, 'Albert Ramirez', '1997-09-24', 'aramirez3n@imdb.com', 'M', 'B-', '380-(645)608-6916', '26054 Acker Alley'),
(233, 'William Bailey', '2013-12-02', 'wbailey3o@army.mil', 'M', 'A-', '86-(541)958-7587', '463 Monica Parkway'),
(234, 'Bruce Evans', '1990-01-01', 'bevans3p@typepad.com', 'M', 'AB-', '46-(722)570-7673', '53 Springview Alley'),
(235, 'Diane Phillips', '1996-02-13', 'dphillips3q@mozilla.org', 'F', 'AB+', '358-(531)720-7617', '170 Union Hill'),
(236, 'Carlos Sanchez', '1974-02-19', 'csanchez3r@51.la', 'M', 'O+', '33-(209)305-0839', '21405 Shasta Terrace'),
(237, 'Bruce Matthews', '2010-01-26', 'bmatthews3s@list-manage.com', 'M', 'A+', '386-(156)746-7403', '627 Thompson Court'),
(238, 'Rose Stevens', '1990-02-07', 'rstevens3t@usnews.com', 'F', 'O-', '86-(266)992-9437', '794 Holmberg Way'),
(239, 'Keith Wagner', '2001-09-04', 'kwagner3u@issuu.com', 'M', 'AB-', '31-(972)820-2807', '0553 Hoffman Circle'),
(240, 'Kathy Reyes', '1990-01-20', 'kreyes3v@t.co', 'F', 'B-', '7-(159)935-5002', '97262 Cascade Drive'),
(241, 'Billy Willis', '2013-11-29', 'bwillis3w@imgur.com', 'M', 'AB-', '63-(962)535-0661', '7 Hooker Pass'),
(242, 'Antonio Collins', '2001-07-29', 'acollins3x@reference.com', 'M', 'B+', '351-(250)939-9417', '32458 Declaration Avenue'),
(243, 'Janice Ramirez', '2013-08-01', 'jramirez3y@howstuffworks.com', 'F', 'AB-', '86-(906)144-7617', '8909 Melvin Plaza'),
(244, 'Ann Sims', '1984-05-11', 'asims3z@a8.net', 'F', 'A+', '31-(824)537-9033', '66 Mccormick Junction'),
(245, 'Alan Powell', '1972-10-07', 'apowell40@printfriendly.com', 'M', 'B+', '51-(139)637-4967', '692 Graedel Place'),
(246, 'Karen Hamilton', '2013-10-29', 'khamilton41@wikipedia.org', 'F', 'O+', '84-(134)441-6460', '26 Green Ridge Park'),
(247, 'Anna Riley', '1998-03-18', 'ariley42@amazon.co.uk', 'F', 'O+', '48-(487)322-3878', '76549 Clarendon Park'),
(248, 'Willie Martin', '1981-04-04', 'wmartin43@tripod.com', 'M', 'O-', '370-(777)424-5229', '841 Corben Crossing'),
(249, 'Maria Gomez', '1991-12-18', 'mgomez44@behance.net', 'F', 'O+', '57-(717)530-6191', '3271 Scofield Road'),
(250, 'Cynthia Ryan', '1988-06-30', 'cryan45@wikipedia.org', 'F', 'O+', '212-(719)586-2951', '6616 Rowland Center'),
(251, 'Ronald Coleman', '2015-10-04', 'rcoleman46@admin.ch', 'M', 'B-', '86-(316)467-4180', '2 Dixon Lane'),
(252, 'Cheryl Cook', '1981-01-14', 'ccook47@nbcnews.com', 'F', 'A-', '351-(729)164-1971', '24 Village Green Road'),
(253, 'Martin Carter', '1991-11-16', 'mcarter48@photobucket.com', 'M', 'O-', '55-(371)836-9647', '1 Anthes Circle'),
(254, 'Charles Burns', '2007-01-28', 'cburns49@slashdot.org', 'M', 'O+', '216-(792)499-5668', '6590 Lillian Alley'),
(255, 'Ernest Howell', '1982-01-22', 'ehowell4a@1und1.de', 'M', 'O+', '63-(109)807-0868', '3 Huxley Alley'),
(256, 'Jeffrey Nguyen', '1988-02-25', 'jnguyen4b@narod.ru', 'M', 'A+', '371-(185)166-2570', '680 Swallow Court'),
(257, 'Brandon Simpson', '2005-10-05', 'bsimpson4c@skype.com', 'M', 'AB+', '966-(218)224-3911', '4 Eastlawn Plaza'),
(258, 'Craig Cunningham', '1996-10-31', 'ccunningham4d@nifty.com', 'M', 'O+', '98-(939)109-7485', '2806 Doe Crossing Lane'),
(259, 'Antonio Washington', '1974-06-17', 'awashington4e@nifty.com', 'M', 'AB+', '225-(743)697-3062', '90085 Huxley Street'),
(260, 'Larry Carr', '2016-09-05', 'lcarr4f@diigo.com', 'M', 'AB+', '357-(170)513-5965', '71995 Marcy Circle'),
(261, 'Stephen Ray', '1983-08-03', 'sray4g@berkeley.edu', 'M', 'O+', '7-(779)127-1802', '92 Carberry Circle'),
(262, 'Carlos West', '1975-01-07', 'cwest4h@wikipedia.org', 'M', 'A-', '54-(737)963-0428', '2457 7th Road'),
(263, 'Judith Ray', '1984-03-21', 'jray4i@abc.net.au', 'F', 'A-', '84-(521)607-9084', '72 Memorial Hill'),
(264, 'Gregory Schmidt', '1991-11-24', 'gschmidt4j@networksolutions.com', 'M', 'A-', '33-(408)877-8616', '461 Hollow Ridge Center'),
(265, 'Anne Russell', '2004-08-22', 'arussell4k@tinypic.com', 'F', 'B-', '62-(113)273-5298', '21 Annamark Junction'),
(266, 'Christine Montgomery', '1974-08-05', 'cmontgomery4l@xinhuanet.com', 'F', 'AB-', '86-(825)654-2931', '8 Toban Road'),
(267, 'Stephanie Bailey', '1993-08-15', 'sbailey4m@wikipedia.org', 'F', 'AB-', '63-(303)955-5752', '49 Ryan Place'),
(268, 'Debra Mitchell', '1996-06-29', 'dmitchell4n@ucla.edu', 'F', 'B+', '355-(948)682-6958', '937 Havey Way'),
(269, 'Deborah Bennett', '1974-08-08', 'dbennett4o@zimbio.com', 'F', 'A-', '86-(655)403-2257', '7289 Mesta Parkway'),
(270, 'Brian Hunt', '2012-03-27', 'bhunt4p@columbia.edu', 'M', 'O+', '51-(909)757-5639', '68 Little Fleur Park'),
(271, 'Jerry Welch', '1971-09-25', 'jwelch4q@posterous.com', 'M', 'B-', '54-(690)397-6083', '2 Welch Drive'),
(272, 'Gary King', '1989-08-10', 'gking4r@washington.edu', 'M', 'AB+', '46-(516)894-1395', '1567 Lighthouse Bay Drive'),
(273, 'Johnny Knight', '1994-10-04', 'jknight4s@google.it', 'M', 'B-', '86-(153)764-6967', '18 Oak Valley Avenue'),
(274, 'Kelly Graham', '1973-01-31', 'kgraham4t@google.pl', 'F', 'B+', '66-(287)199-5813', '0 Nova Junction'),
(275, 'Benjamin Patterson', '2003-09-14', 'bpatterson4u@nba.com', 'M', 'B+', '421-(474)791-7163', '14 Gulseth Park'),
(276, 'Adam Jackson', '1996-08-30', 'ajackson4v@tiny.cc', 'M', 'B+', '86-(140)654-4397', '72 Bashford Drive'),
(277, 'Chris Davis', '1974-04-26', 'cdavis4w@miibeian.gov.cn', 'M', 'B-', '81-(359)707-2079', '367 Anhalt Drive'),
(278, 'Aaron Henry', '2012-03-23', 'ahenry4x@prweb.com', 'M', 'AB+', '351-(953)879-0314', '0 Reinke Park'),
(279, 'Barbara Williams', '1984-09-03', 'bwilliams4y@nasa.gov', 'F', 'AB-', '62-(275)413-0528', '48169 Merchant Lane'),
(280, 'Christine Woods', '2009-12-23', 'cwoods4z@sbwire.com', 'F', 'AB-', '351-(571)819-5993', '9108 Vera Plaza'),
(281, 'Peter Lopez', '1991-03-12', 'plopez50@is.gd', 'M', 'B-', '86-(456)168-2854', '92 Transport Way'),
(282, 'Andrea Carroll', '2008-05-09', 'acarroll51@simplemachines.org', 'F', 'B+', '55-(184)141-3765', '5796 Kim Park'),
(283, 'Steven Bell', '1979-03-09', 'sbell52@wix.com', 'M', 'AB-', '51-(135)712-3238', '65 Monterey Court'),
(284, 'Michael Adams', '1973-09-25', 'madams53@purevolume.com', 'M', 'B+', '86-(902)780-6530', '42 Eagan Park'),
(285, 'Patrick Hanson', '2003-01-24', 'phanson54@soundcloud.com', 'M', 'B-', '48-(606)406-2514', '94653 Katie Trail'),
(286, 'Annie Wilson', '1998-04-06', 'awilson55@cafepress.com', 'F', 'B-', '1-(814)559-7816', '1 Rowland Lane'),
(287, 'Martin Nichols', '1993-06-05', 'mnichols56@google.it', 'M', 'B+', '55-(134)239-8457', '05368 Pepper Wood Circle'),
(288, 'Robert Kennedy', '1992-03-18', 'rkennedy57@businessinsider.com', 'M', 'A-', '33-(248)532-0901', '3 School Plaza'),
(289, 'Michelle Burns', '2011-10-21', 'mburns58@youku.com', 'F', 'B-', '86-(512)833-1595', '8914 Huxley Trail'),
(290, 'Christopher Campbell', '1984-04-14', 'ccampbell59@bandcamp.com', 'M', 'B-', '7-(834)786-0109', '259 Algoma Plaza'),
(291, 'Terry Rivera', '1974-09-03', 'trivera5a@typepad.com', 'M', 'AB+', '231-(452)718-2216', '741 Ruskin Trail'),
(292, 'Sharon Butler', '1976-04-02', 'sbutler5b@businessinsider.com', 'F', 'AB+', '358-(711)467-1055', '926 Scoville Hill'),
(293, 'Diane Alvarez', '2007-07-14', 'dalvarez5c@behance.net', 'F', 'B-', '372-(955)270-3087', '305 Blaine Circle'),
(294, 'Dorothy Cooper', '1979-12-18', 'dcooper5d@360.cn', 'F', 'O+', '86-(637)981-5105', '3251 Melrose Court'),
(295, 'Edward Stone', '2005-07-06', 'estone5e@cam.ac.uk', 'M', 'AB+', '62-(985)945-7267', '94835 Northwestern Junction'),
(296, 'Christine Lawson', '1986-02-09', 'clawson5f@drupal.org', 'F', 'AB-', '380-(462)809-4644', '88 3rd Road'),
(297, 'Marie Banks', '1978-12-25', 'mbanks5g@europa.eu', 'F', 'O+', '33-(312)507-3884', '479 Portage Junction'),
(298, 'Raymond Richardson', '1980-04-08', 'rrichardson5h@spotify.com', 'M', 'O+', '961-(218)268-5735', '95458 Crescent Oaks Place'),
(299, 'James Richards', '1995-05-27', 'jrichards5i@nbcnews.com', 'M', 'O+', '86-(369)555-5754', '49375 Rockefeller Alley'),
(300, 'Robin Brooks', '1983-03-03', 'rbrooks5j@mac.com', 'F', 'B-', '420-(402)322-9353', '744 Corscot Place'),
(301, 'Anne Cruz', '1982-04-05', 'acruz5k@cam.ac.uk', 'F', 'A+', '62-(892)454-5796', '84450 Sunbrook Center'),
(302, 'Chris Carr', '1990-09-04', 'ccarr5l@google.nl', 'M', 'B+', '504-(829)871-4181', '76 Merchant Court'),
(303, 'Jean Lopez', '2000-01-27', 'jlopez5m@buzzfeed.com', 'F', 'A+', '86-(279)180-3731', '8 Lakeland Point'),
(304, 'William Perry', '1988-02-07', 'wperry5n@nba.com', 'M', 'AB-', '86-(986)536-9692', '614 Surrey Drive'),
(305, 'Brian King', '1992-12-18', 'bking5o@cdc.gov', 'M', 'B+', '54-(705)392-8825', '99453 Del Sol Parkway'),
(306, 'Jeffrey Price', '1995-10-06', 'jprice5p@ifeng.com', 'M', 'A-', '63-(863)228-5123', '00123 Gina Park'),
(307, 'Sara Butler', '1988-11-17', 'sbutler5q@comcast.net', 'F', 'AB-', '62-(214)588-4938', '7 Lindbergh Center'),
(308, 'James Torres', '1993-10-30', 'jtorres5r@apache.org', 'M', 'O-', '84-(803)444-5845', '1569 Boyd Court'),
(309, 'Michelle Henry', '2011-04-01', 'mhenry5s@mayoclinic.com', 'F', 'AB+', '62-(933)385-1218', '92 Continental Plaza'),
(310, 'Jane James', '1991-02-05', 'jjames5t@smh.com.au', 'F', 'O+', '63-(641)301-9599', '419 Manley Circle'),
(311, 'Frank Richardson', '2001-07-17', 'frichardson5u@marketwatch.com', 'M', 'B+', '62-(472)903-1039', '16476 Dunning Alley'),
(312, 'Kevin Ford', '1988-09-09', 'kford5v@storify.com', 'M', 'B+', '62-(374)738-5129', '96 Waubesa Crossing'),
(313, 'Alice Tucker', '2001-01-30', 'atucker5w@springer.com', 'F', 'O-', '374-(527)706-0633', '149 Valley Edge Parkway'),
(314, 'Philip Garza', '1997-01-11', 'pgarza5x@google.ca', 'M', 'B-', '33-(859)156-7757', '3181 Michigan Way'),
(315, 'Amy Gonzalez', '1989-12-16', 'agonzalez5y@unc.edu', 'F', 'A-', '62-(657)210-5705', '3 Arizona Hill'),
(316, 'Justin Miller', '1986-10-05', 'jmiller5z@photobucket.com', 'M', 'AB+', '33-(119)173-0382', '48 Dunning Street'),
(317, 'Donald Burns', '2010-04-17', 'dburns60@go.com', 'M', 'O+', '1-(217)559-9935', '249 Rowland Hill'),
(318, 'Carolyn Gardner', '2016-10-24', 'cgardner61@liveinternet.ru', 'F', 'O-', '62-(864)206-6007', '550 Weeping Birch Way'),
(319, 'Jacqueline Cunningham', '1995-10-13', 'jcunningham62@vinaora.com', 'F', 'AB+', '7-(856)556-2312', '50 Maple Crossing'),
(320, 'Kathy Jordan', '2016-08-07', 'kjordan63@yandex.ru', 'F', 'AB+', '48-(630)874-2211', '99 Petterle Junction'),
(321, 'Wayne Lawrence', '2006-01-26', 'wlawrence64@aol.com', 'M', 'A-', '62-(583)527-7331', '20 Kennedy Pass'),
(322, 'Brian Mason', '1970-10-19', 'bmason65@comsenz.com', 'M', 'O-', '54-(292)829-5458', '807 Bobwhite Crossing'),
(323, 'Diane Nguyen', '2001-11-27', 'dnguyen66@tmall.com', 'F', 'AB-', '7-(267)940-7013', '765 Center Drive'),
(324, 'Anne Edwards', '2010-03-19', 'aedwards67@ucla.edu', 'F', 'AB-', '1-(225)461-2188', '93 Prentice Hill'),
(325, 'Tammy Gray', '1986-10-30', 'tgray68@ustream.tv', 'F', 'AB+', '48-(274)743-1102', '31 Gina Street'),
(326, 'Victor Jackson', '1972-03-20', 'vjackson69@buzzfeed.com', 'M', 'AB-', '60-(626)147-0839', '71725 Scoville Lane'),
(327, 'Cheryl Dunn', '2008-08-31', 'cdunn6a@springer.com', 'F', 'O+', '7-(302)233-1497', '201 Barby Crossing'),
(328, 'Richard Rogers', '1997-11-16', 'rrogers6b@flavors.me', 'M', 'B+', '7-(327)478-3016', '95304 Carey Alley'),
(329, 'Jeffrey Bowman', '1986-04-25', 'jbowman6c@huffingtonpost.com', 'M', 'A+', '387-(919)915-7706', '063 Maywood Center'),
(330, 'Ronald Kelly', '1977-12-07', 'rkelly6d@i2i.jp', 'M', 'B+', '389-(695)884-6847', '8061 Mosinee Alley'),
(331, 'Henry Morgan', '2010-11-26', 'hmorgan6e@aol.com', 'M', 'O+', '33-(246)799-7077', '175 Oak Valley Place'),
(332, 'Wayne Brown', '1978-06-28', 'wbrown6f@macromedia.com', 'M', 'B-', '86-(138)708-3244', '0704 La Follette Avenue'),
(333, 'Walter Hicks', '1987-10-10', 'whicks6g@dion.ne.jp', 'M', 'A+', '49-(624)546-9991', '18491 Ruskin Circle'),
(334, 'Jonathan Hansen', '2003-08-04', 'jhansen6h@discuz.net', 'M', 'A-', '351-(500)383-6816', '16 Texas Drive'),
(335, 'Linda Richards', '1996-06-18', 'lrichards6i@nationalgeographic.com', 'F', 'AB-', '245-(772)812-5760', '33372 School Way'),
(336, 'Jason Ortiz', '1973-07-31', 'jortiz6j@bloomberg.com', 'M', 'O+', '62-(854)963-3189', '97613 Johnson Place'),
(337, 'Jacqueline Owens', '1998-05-26', 'jowens6k@paypal.com', 'F', 'A-', '7-(903)168-9403', '88725 Michigan Pass'),
(338, 'Margaret Kelley', '2010-11-20', 'mkelley6l@cpanel.net', 'F', 'AB-', '62-(853)776-6187', '30701 Sachs Plaza'),
(339, 'Alice Graham', '1973-07-26', 'agraham6m@twitpic.com', 'F', 'AB-', '86-(889)836-4721', '55713 Westerfield Park'),
(340, 'Joe Allen', '1978-08-18', 'jallen6n@tumblr.com', 'M', 'O-', '86-(291)447-5251', '55146 Namekagon Drive'),
(341, 'Tammy Gilbert', '1975-11-15', 'tgilbert6o@twitter.com', 'F', 'O-', '380-(467)727-6807', '05252 Fremont Avenue'),
(342, 'Helen Shaw', '2008-11-07', 'hshaw6p@prnewswire.com', 'F', 'B+', '86-(309)344-4186', '87 Scoville Court'),
(343, 'Henry Jackson', '2009-11-10', 'hjackson6q@dell.com', 'M', 'O+', '351-(849)742-9107', '7 Hallows Place'),
(344, 'Andrew Coleman', '2012-08-12', 'acoleman6r@squidoo.com', 'M', 'O+', '7-(341)944-7483', '7274 Crest Line Pass'),
(345, 'Brian Perry', '2014-07-03', 'bperry6s@github.io', 'M', 'B+', '63-(462)385-7592', '25544 Arkansas Road'),
(346, 'Chris Fowler', '2000-07-23', 'cfowler6t@usa.gov', 'M', 'B+', '86-(363)880-9845', '7977 Village Center'),
(347, 'Gloria Reynolds', '1995-12-03', 'greynolds6u@wix.com', 'F', 'O-', '86-(470)321-4016', '145 Cottonwood Alley'),
(348, 'Stephen Black', '1988-10-07', 'sblack6v@xinhuanet.com', 'M', 'AB-', '63-(378)525-2733', '16257 Algoma Parkway'),
(349, 'Kenneth Robinson', '2008-11-04', 'krobinson6w@live.com', 'M', 'O-', '48-(924)988-8958', '50769 Wayridge Pass'),
(350, 'Adam Snyder', '1995-09-15', 'asnyder6x@adobe.com', 'M', 'B-', '58-(946)346-7211', '8113 Warbler Junction'),
(351, 'Frank Romero', '2000-08-15', 'fromero6y@wix.com', 'M', 'A-', '236-(711)250-7810', '24 Reinke Junction'),
(352, 'Michelle Peters', '2016-04-22', 'mpeters6z@jigsy.com', 'F', 'O+', '51-(454)501-3454', '715 Esch Lane'),
(353, 'Jason Dunn', '2000-08-26', 'jdunn70@newyorker.com', 'M', 'A+', '86-(335)739-4619', '464 Sherman Drive'),
(354, 'Judith West', '1979-03-02', 'jwest71@princeton.edu', 'F', 'O-', '352-(827)988-0594', '6 Kipling Road'),
(355, 'Adam Gonzales', '2010-06-27', 'agonzales72@wix.com', 'M', 'O-', '86-(354)702-4449', '6383 Kim Drive'),
(356, 'Jack Wilson', '1988-10-14', 'jwilson73@ted.com', 'M', 'O+', '81-(413)476-8871', '16 Holy Cross Lane'),
(357, 'Nancy Marshall', '1995-06-15', 'nmarshall74@earthlink.net', 'F', 'B-', '27-(895)142-0888', '5411 Golf View Hill'),
(358, 'Tammy Bishop', '1973-11-26', 'tbishop75@unesco.org', 'F', 'O+', '48-(435)462-8941', '167 Sunbrook Plaza'),
(359, 'Richard Simpson', '1989-01-20', 'rsimpson76@ucla.edu', 'M', 'AB+', '62-(199)313-3276', '2764 Canary Circle'),
(360, 'Lawrence Warren', '1996-10-10', 'lwarren77@yellowpages.com', 'M', 'A+', '46-(298)216-9734', '4390 Clemons Point'),
(361, 'Adam Robertson', '1972-04-18', 'arobertson78@symantec.com', 'M', 'A+', '86-(996)973-6648', '13424 Florence Crossing'),
(362, 'Michael Cooper', '1996-11-28', 'mcooper79@toplist.cz', 'M', 'AB-', '86-(899)199-3395', '5109 8th Junction'),
(363, 'Gerald Watkins', '1973-05-17', 'gwatkins7a@lulu.com', 'M', 'A+', '86-(437)135-6617', '232 Thompson Avenue'),
(364, 'Kathryn Parker', '1976-12-03', 'kparker7b@illinois.edu', 'F', 'B+', '380-(811)911-6362', '75 Roth Center'),
(365, 'Michael White', '2010-12-17', 'mwhite7c@so-net.ne.jp', 'M', 'AB-', '46-(225)260-2124', '61283 Surrey Terrace'),
(366, 'Laura Ramos', '1981-05-25', 'lramos7d@shop-pro.jp', 'F', 'AB-', '1-(602)817-9913', '069 Browning Junction'),
(367, 'Angela Greene', '1980-02-27', 'agreene7e@answers.com', 'F', 'O-', '386-(788)202-5011', '51161 Sutteridge Hill'),
(368, 'Dorothy Perry', '1982-04-07', 'dperry7f@gmpg.org', 'F', 'A-', '86-(866)583-6015', '62636 Melvin Alley'),
(369, 'Howard Bryant', '1973-04-11', 'hbryant7g@blog.com', 'M', 'A-', '55-(907)786-9327', '817 Talmadge Way'),
(370, 'Matthew Ramirez', '1973-07-20', 'mramirez7h@lulu.com', 'M', 'O+', '55-(833)335-1973', '96 Melrose Plaza'),
(371, 'Jason Burton', '1987-06-20', 'jburton7i@marketwatch.com', 'M', 'B+', '33-(819)728-2512', '0 Northwestern Road'),
(372, 'Andrew Gibson', '1994-06-06', 'agibson7j@squidoo.com', 'M', 'A-', '92-(676)636-6454', '4 Graedel Trail'),
(373, 'Pamela Powell', '1996-05-02', 'ppowell7k@ehow.com', 'F', 'AB-', '86-(126)265-1362', '56 Londonderry Plaza'),
(374, 'Diana Rogers', '2002-05-11', 'drogers7l@livejournal.com', 'F', 'A+', '7-(859)141-4787', '6 International Trail'),
(375, 'Scott Williams', '1987-11-25', 'swilliams7m@google.com', 'M', 'AB-', '351-(869)146-4854', '19 Graedel Center'),
(376, 'Michael Ross', '1974-02-03', 'mross7n@weebly.com', 'M', 'AB-', '376-(598)287-7029', '2 Kropf Park'),
(377, 'Cynthia Foster', '1983-12-04', 'cfoster7o@abc.net.au', 'F', 'AB+', '385-(138)277-8290', '9 Autumn Leaf Drive'),
(378, 'Kenneth Lawrence', '2001-05-29', 'klawrence7p@fda.gov', 'M', 'A+', '86-(761)218-3716', '748 Onsgard Terrace'),
(379, 'Jack Fields', '1993-08-01', 'jfields7q@4shared.com', 'M', 'B+', '86-(274)292-2758', '968 Marquette Terrace'),
(380, 'Jessica Vasquez', '1979-03-29', 'jvasquez7r@digg.com', 'F', 'O-', '380-(533)382-7965', '3 Melvin Road'),
(381, 'Nancy Wagner', '1973-06-26', 'nwagner7s@fc2.com', 'F', 'O+', '98-(773)820-4508', '52 Sycamore Point'),
(382, 'Julia Rodriguez', '1979-01-17', 'jrodriguez7t@elpais.com', 'F', 'AB-', '972-(669)443-3268', '63988 Northwestern Pass'),
(383, 'Benjamin Hart', '2008-10-18', 'bhart7u@icq.com', 'M', 'B+', '62-(142)851-3044', '4026 Pierstorff Center'),
(384, 'Joseph Ruiz', '1993-05-11', 'jruiz7v@blinklist.com', 'M', 'A+', '962-(174)292-6242', '41877 Walton Point'),
(385, 'Joe Burke', '1995-12-07', 'jburke7w@prnewswire.com', 'M', 'A+', '234-(164)202-3987', '9010 Bluejay Way'),
(386, 'Lori Hicks', '1993-09-12', 'lhicks7x@google.com.au', 'F', 'A-', '92-(122)999-0127', '40946 Eastwood Place'),
(387, 'Rose Dean', '2015-08-03', 'rdean7y@hugedomains.com', 'F', 'A-', '33-(854)575-5466', '044 Dryden Drive'),
(388, 'Eugene Oliver', '1981-06-05', 'eoliver7z@soup.io', 'M', 'A-', '46-(477)497-5278', '8805 Manitowish Point'),
(389, 'Joyce Simmons', '1996-12-25', 'jsimmons80@cbc.ca', 'F', 'O+', '420-(567)669-9725', '45 Maple Wood Drive'),
(390, 'Nicole Williamson', '1979-09-24', 'nwilliamson81@huffingtonpost.com', 'F', 'O+', '86-(492)835-0123', '843 Main Center'),
(391, 'Daniel Stanley', '2004-05-02', 'dstanley82@rakuten.co.jp', 'M', 'O-', '86-(993)834-6923', '9426 Clemons Hill'),
(392, 'Tina Kelley', '1978-10-06', 'tkelley83@simplemachines.org', 'F', 'A-', '48-(373)322-6889', '19630 Kenwood Circle'),
(393, 'William Dean', '1984-05-23', 'wdean84@gnu.org', 'M', 'AB-', '357-(111)615-2846', '1941 Moulton Parkway'),
(394, 'Rachel Fernandez', '2015-06-16', 'rfernandez85@t.co', 'F', 'O-', '30-(396)565-2291', '72 Parkside Court'),
(395, 'Jose Murphy', '1989-11-04', 'jmurphy86@comsenz.com', 'M', 'A-', '62-(658)438-9333', '88688 Granby Trail'),
(396, 'Jesse Wright', '1987-10-27', 'jwright87@opensource.org', 'M', 'O+', '373-(933)190-7837', '3 Anzinger Place'),
(397, 'Paula Carpenter', '1974-03-08', 'pcarpenter88@1688.com', 'F', 'A-', '33-(630)678-3539', '7117 Del Mar Plaza'),
(398, 'George Reyes', '1997-11-11', 'greyes89@cbslocal.com', 'M', 'B+', '880-(772)842-3345', '2404 Westridge Drive'),
(399, 'Amanda Dunn', '1972-08-23', 'adunn8a@studiopress.com', 'F', 'B+', '420-(494)889-6515', '03 Sloan Alley'),
(400, 'Kathy Castillo', '1988-01-15', 'kcastillo8b@a8.net', 'F', 'O+', '963-(807)880-5325', '9 Delladonna Plaza'),
(402, 'Anish Karmi', '1995-12-24', 'karmi214@gmail.com', 'M', 'A+', '2147483647', 'Battisputali'),
(403, 'Ajay Shrestha', '1995-04-10', 'azzzzz149@gmail.com', 'M', 'A+', '98765', 'Chabhil'),
(406, 'Anish', '1995-12-24', 'karmi214@gmail.com', 'M', 'A+', '12345', '12345'),
(407, 'sam', '2015-05-17', 'sam@gmail.com', 'F', 'A-', '98772345', 'kapan');

-- --------------------------------------------------------

--
-- Table structure for table `questions_answers`
--

CREATE TABLE IF NOT EXISTS `questions_answers` (
  `ans_id` int(11) NOT NULL AUTO_INCREMENT,
  `ques_id` int(11) NOT NULL,
  `emp_id` int(11) NOT NULL,
  `answer` varchar(1000) NOT NULL,
  `date` varchar(45) NOT NULL,
  PRIMARY KEY (`ans_id`)
) ENGINE=InnoDB  DEFAULT CHARSET=latin1 AUTO_INCREMENT=16 ;

--
-- Dumping data for table `questions_answers`
--

INSERT INTO `questions_answers` (`ans_id`, `ques_id`, `emp_id`, `answer`, `date`) VALUES
(12, 13, 6, 'Hello,\r\n\r\nIf you have a chest pain occasionally then you should immediately consult a doctor.\r\n\r\nTake care.  ', '2017 Jun 14'),
(13, 13, 21, 'Dr.Price Peters is absolutely right.\r\n\r\nYou should immediately consult a doctor.', '2017 Jun 14'),
(14, 14, 6, 'Hello,\r\n\r\nHeartburn is actually a symptom of GERD (gastroesophageal reflux disease), and is caused by acid refluxing back into the esophagus. Risk factors include those that increase the production of acid in the stomach, as well as structural problems that allow acid reflux into the esophagus.\r\n\r\nTry the followings:\r\n1.Wear loose clothing.\r\n2.Practice proper posture.\r\n3.Elevate from the waist up.\r\n4.Mix in a teaspoon of baking soda into a glass of water.\r\n5.Chew gum to help neutralize acid.\r\n6.Stay away from cigarette smoke.\r\n7.Try over-the-counter medications.', '2017 Jun 14'),
(15, 16, 6, 'asdasdasdasdasd', '2017 Jun 14');

-- --------------------------------------------------------

--
-- Table structure for table `unverified`
--

CREATE TABLE IF NOT EXISTS `unverified` (
  `name` varchar(32) NOT NULL,
  `username` varchar(32) NOT NULL,
  `email` varchar(32) NOT NULL,
  `sex` char(1) NOT NULL,
  `dob` date NOT NULL,
  `phone` int(11) NOT NULL,
  `address` varchar(32) NOT NULL,
  `blood` varchar(3) NOT NULL,
  `password` varchar(32) NOT NULL,
  `code` varchar(5) NOT NULL,
  UNIQUE KEY `username` (`username`)
) ENGINE=InnoDB DEFAULT CHARSET=latin1 ROW_FORMAT=COMPACT;

--
-- Dumping data for table `unverified`
--

INSERT INTO `unverified` (`name`, `username`, `email`, `sex`, `dob`, `phone`, `address`, `blood`, `password`, `code`) VALUES
('asdasd', 'asdasd', 'sajanbasnet75@gmail.com', 'M', '2017-06-13', 2147483647, 'kaoan', 'A-', '62648a5c73dbfda4d05ffb977598da5d', '79889'),
('sajan', 'ram', 'sajanbasnet75@gmail.com', 'M', '1999-06-13', 123123213, 'karmi', 'B-', '62648a5c73dbfda4d05ffb977598da5d', '52102'),
('Ram Prasad', 'ram12345', 'ramprasad12345@gmail.com', 'M', '2017-05-31', 12345, 'old house12345', 'B+', '827ccb0eea8a706c4c34a16891f84e7b', '93270');

-- --------------------------------------------------------

--
-- Table structure for table `users`
--

CREATE TABLE IF NOT EXISTS `users` (
  `user_id` int(11) NOT NULL AUTO_INCREMENT,
  `username` varchar(32) NOT NULL,
  `password` varchar(32) NOT NULL,
  `position` varchar(20) NOT NULL,
  PRIMARY KEY (`user_id`)
) ENGINE=InnoDB  DEFAULT CHARSET=latin1 AUTO_INCREMENT=409 ;

--
-- Dumping data for table `users`
--

INSERT INTO `users` (`user_id`, `username`, `password`, `position`) VALUES
(1, 'rutrum@cu', '40687c8206d15373954d8b27c6724f62', 'doctor'),
(2, 'sapien@Cu', 'fe3382745e2cf6d80fab177ad783bd2d', 'doctor'),
(3, 'orci@blan', 'f0ad4763a9f7fc6b24860c356642f96f', 'doctor'),
(4, 'mauris.rh', 'e32ec0769c5797e60f72be56230a8a85', 'doctor'),
(5, 'accumsan@', 'c30ea2a6d7c932031174cd0f5af59aec', 'doctor'),
(6, 'Lorem.ips', '3601146c4e948c32b6424d2c0a7f0118', 'doctor'),
(7, 'Aliquam@p', '78843575bf3437d87361a2aba0a3fdea', 'doctor'),
(8, 'Curabitur', 'bbed4452cf0577c526adec3657a2f6e8', 'doctor'),
(9, 'Pellentes', 'b953e823cc7ea4345731bf8f1581d896', 'doctor'),
(10, 'Praesent.', '7fe70fef470fcc46826966e201147015', 'doctor'),
(11, 'eleifend.', '64bf6a86230365619e9249e5b083aa46', 'doctor'),
(12, 'in.felis@', '47813ad0c16e58f98f9c9b049195600b', 'doctor'),
(13, 'lobortis@', 'ec8b63c05f999a15a8c8567002a560a8', 'doctor'),
(14, 'Cum@nonfe', '897ee373c9e482f9a323fe188494520b', 'doctor'),
(15, 'lectus@en', '98b0647579c32d13aba502466f2b6594', 'doctor'),
(16, 'eu@ullamc', 'd346ca5461f54674e314329425e2138f', 'doctor'),
(17, 'lacinia@n', '64730ca35ed9274ff6aa8a719407fe53', 'doctor'),
(18, 'Mauris.bl', '649f568385ecbe88e4ebf3723c1c1210', 'doctor'),
(19, 'metus.Aen', 'e55c220b7d0f2a4f9e6a8cafaaba9ce3', 'doctor'),
(20, 'dui.Cum@e', 'd41219060e0c16c228ed4682cade6379', 'doctor'),
(21, 'tempor@ip', '52ec81d3f34b58b3818857daf0ca2e7a', 'doctor'),
(22, 'in.sodale', 'cc3baa8bc4df0286084c229cb5d486d1', 'doctor'),
(23, 'Lorem.ips', '2bb1abb44b5ed1a07a5e0494a8826b40', 'doctor'),
(24, 'urna.et.a', 'cfbd5b72b8060a146db6e847f45e6e72', 'doctor'),
(25, 'urna@fauc', 'fcd26ee1f18b2cd70a6b5bf2152f6b04', 'doctor'),
(26, 'dictum.mi', 'e6e30c037d0b75caa94827ead86b4edf', 'doctor'),
(27, 'ornare.li', '2f5ebb0642cfa2a25af21fac655b30eb', 'doctor'),
(28, 'mattis.ve', 'c1b7f54c8a870b38282964a04c8ccfe9', 'doctor'),
(29, 'Suspendis', 'e2eba96591ca8f6c01b51c1afd60cb0a', 'doctor'),
(30, 'sodales@u', '873065134b4e543a5812e15b5a9ec8a5', 'doctor'),
(31, 'non.ante@', 'eccd6c89ae2a079c186e6f95beedfac6', 'doctor'),
(32, 'Donec@etr', '7370a831736fda19e4af2a5f10cb202c', 'doctor'),
(33, 'Phasellus', '0513a3da7ff53b1aeb42245ebcc5a16e', 'doctor'),
(34, 'Donec.fri', '2b3fad625d212b77214bee821423931c', 'doctor'),
(35, 'ut.molest', 'b9f70cbb473c65c19063cc40e14be4c4', 'doctor'),
(36, 'hendrerit', '73de2f364958a66930048cda12d0ce29', 'doctor'),
(37, 'velit@orn', '0ffab42260504ca68e08b5be7a778897', 'doctor'),
(38, 'fringilla', 'd4e6d03878fb42eb5c98209c4df23069', 'doctor'),
(39, 'ullamcorp', '4a890b5a75a221eb20b8b2cb67f73a70', 'doctor'),
(40, 'malesuada', '705da23959fa17c5d11d7a53a6157a19', 'doctor'),
(41, 'orci@dui.', '7c478959c218087ffc4ad5d96e7f66a6', 'doctor'),
(42, 'risus.Don', 'ba59a644b54379ec8af634961954ab58', 'doctor'),
(43, 'natoque.p', 'c54e140a2dd945e845759e651c934738', 'doctor'),
(44, 'in.felis.', '4ba699f8da93d0c91bd8d25f5c922dfd', 'doctor'),
(45, 'parturien', 'c1516a5dcf25a67f89cfb2b6943738e4', 'doctor'),
(46, 'litora@or', '7c478959c218087ffc4ad5d96e7f66a6', 'doctor'),
(47, 'Aliquam.e', 'b181c43993de481ea462a2bfe11f0a1b', 'doctor'),
(48, 'non@liber', 'b528908a972803e6056a8f995c6e679a', 'doctor'),
(49, 'eleifend.', 'cfceb6c4d64113e350956fb99414416e', 'doctor'),
(50, 'sodales.M', '2fe5220cb836d2f6a4dee4a247693de3', 'doctor'),
(51, 'eu.accums', 'c874aea43ec3c7d2e920dc575a45a246', 'doctor'),
(52, 'tellus.Ae', 'a77705ea323fdbc79f54692354ed7d34', 'doctor'),
(53, 'gravida@t', '27adb0b3f92d9b8f7fa4cb55b60114cc', 'doctor'),
(54, 'et.magnis', '1c0a11cc4ddc0dbd3fa4d77232a4e22e', 'doctor'),
(55, 'ultrices.', 'c9ce09edec407346a358bc6bfe0b5dde', 'doctor'),
(56, 'Mauris.ve', '0ce6c5d181b6282573fdd8ad024256b6', 'doctor'),
(57, 'blandit@f', '86c9e46243a93ecbd27c36296f90c4d2', 'doctor'),
(58, 'euismod@Q', '5068771717ce5934996c551cb0500772', 'doctor'),
(59, 'Nunc.lect', 'dad71e435953a91a9485c82f6157dd06', 'doctor'),
(60, 'ipsum.pri', '26bd4c0a132b8d8f12d8fed1566e3874', 'doctor'),
(61, 'Nulla.dig', '54a7b18f26374fc200ddedde0844f8ec', 'doctor'),
(62, 'mollis@Qu', '126864067d5be48d309eeb736ffedc9b', 'doctor'),
(63, 'massa@Pro', 'affa5249363911dd655e5a7cfacb49e6', 'doctor'),
(64, 'risus@aug', 'b660582d2b3dd5c9ed1183e67d15559e', 'doctor'),
(65, 'Donec@Pha', '691e7d28374e739647c95196da121e60', 'doctor'),
(66, 'amet.cons', '91ff46dd60dd9a52eee2c74f9c9b7ec0', 'doctor'),
(67, 'fermentum', 'b4fa39f839ee148dc55a5bd20ea41d79', 'doctor'),
(68, 'et.pede@m', 'c686bdaebf942111778ead2eebe46c50', 'doctor'),
(69, 'convallis', '1bea42941ebd897baf6ac1c3af7c96b9', 'doctor'),
(70, 'penatibus', '39ec561a94a820e06b1d976d3fd4e323', 'doctor'),
(71, 'lorem.ut.', '2a9d6e7f288ab8b4d8245b55ce52831c', 'doctor'),
(72, 'nec.males', 'fc198cb6e0f97fc5d342bd029e77f29f', 'doctor'),
(73, 'ornare.li', '75d671c55d6cf3ee02254bbafb86ff42', 'doctor'),
(74, 'Vivamus.n', 'e32ec0769c5797e60f72be56230a8a85', 'doctor'),
(75, 'venenatis', '2964815d03a032c8ca37ac5d557647dd', 'doctor'),
(76, 'in.hendre', '8b7b9806e715b01b9021912e0f86935f', 'doctor'),
(77, 'dictum@ma', '933b2a6e7a4b07cb87e7382a6fdc2ba5', 'doctor'),
(78, 'erat.Viva', 'eaff692e84900d6b0999355abb0f3e43', 'doctor'),
(79, 'sed@odioa', '2d56ba0cf1324cfd0793c0dea3f9fe36', 'doctor'),
(80, 'mollis.Ph', 'b4fa39f839ee148dc55a5bd20ea41d79', 'doctor'),
(81, 'rhoncus.P', '713aa4167bf6a1e83ec45a032c721cad', 'doctor'),
(82, 'Curae@odi', 'a681979bbd6b6af205587a85e57bee62', 'doctor'),
(83, 'tempor@nu', '06f3c7d4b6f668f837f0b9ef27b25358', 'doctor'),
(84, 'mauris.al', 'f6a619928027317c0d76d1169f698bf5', 'doctor'),
(85, 'nec@justo', '88068e33c78eb72f1b371c7110846085', 'doctor'),
(86, 'at.libero', 'c464514e8891b00a0cf575afc4248f9f', 'doctor'),
(87, 'Suspendis', '2af8c8d92f109e596630fa8f7411695e', 'doctor'),
(88, 'adipiscin', 'f81580f0cdec5fc664368073e21dfd78', 'doctor'),
(89, 'nascetur.', 'cca17d86a631047538f816b2dd5306cc', 'doctor'),
(90, 'malesuada', '7bfcc746dd3ae3853c4f0ef95551e22e', 'doctor'),
(91, 'interdum.', '79313848ceb6b2f0db6226af25fdfa61', 'doctor'),
(92, 'Mauris.no', '14db505dd13596a685dc4da7994bfe5b', 'doctor'),
(93, 'vitae.pur', 'd0402489d8a18e4469629a00c728009e', 'doctor'),
(94, 'Sed@pedeP', 'f3cc5f049d69c2785e1df400ac6e67e2', 'doctor'),
(95, 'euismod@v', '12071ae292a0192ca5149099089bcbcc', 'doctor'),
(96, 'nec.eleif', 'dce0d99515076c6a24e246952d635fc7', 'doctor'),
(97, 'magna.Pra', '2f710a3f07987462186553cac2df2c4f', 'doctor'),
(98, 'rutrum@pe', '6ea1e24d60afddf388b06f8243c45b70', 'doctor'),
(99, 'sed@lectu', '72ad443254705846cbd405ac30e2363c', 'doctor'),
(100, 'vitae@orc', '194d0e546256a68cd16233038190aaef', 'doctor'),
(101, 'ewright0@', 'd8ea48bc5a82a9fd6b80f70dd51fc30c', 'patient'),
(102, 'amorris1@', '64489c85dc2fe0787b85cd87214b3810', 'patient'),
(103, 'icole2@bu', '79ae3e10d1ff66922e58d98656315b9e', 'patient'),
(104, 'talvarez3', '28d34f2e053dee2c0e9399a7924cd978', 'patient'),
(105, 'lbrooks4@', 'dfeacdebdd52607b78a0eca093c2ed7a', 'patient'),
(106, 'cwallace5', '28e008c36902c6d100067b3734678b7d', 'patient'),
(107, 'ecarroll6', '918e862585716e5f6be3899347d4ae4c', 'patient'),
(108, 'jhanson7@', '2964815d03a032c8ca37ac5d557647dd', 'patient'),
(109, 'bferguson', '51c75f94a84470f6ae7d4e511ea2597f', 'patient'),
(110, 'pruiz9@lo', '6fa95b1427af77b3d769ae9cb853382f', 'patient'),
(111, 'jmurraya@', '61409aa1fd47d4a5332de23cbf59a36f', 'patient'),
(112, 'awheelerb', '7efd721c8bfff2937c66235f2d0dbac1', 'patient'),
(113, 'whallc@we', '604c8dd5066ee30539037569a028dc9b', 'patient'),
(114, 'fdiazd@mi', '964044c33f7d819f083692c116c7135b', 'patient'),
(115, 'wjonese@s', 'ff572bd04aea4ced0159d7e9efedd625', 'patient'),
(116, 'fsnyderf@', 'f9dc77cece7fa16f6edd2d1d64853e4b', 'patient'),
(117, 'ldiazg@ya', 'beabe6c3951b36ed582e4320b122ec4f', 'patient'),
(118, 'vfosterh@', '82233bce59652cf3cc0eb7a03f3109d1', 'patient'),
(119, 'amillsi@z', '1c0a11cc4ddc0dbd3fa4d77232a4e22e', 'patient'),
(120, 'jjamesj@b', 'b3b2a915350053ddcaff51babbc4547d', 'patient'),
(121, 'pgardnerk', '4805c7a160cc2b4919b2ef0b5f64b44e', 'patient'),
(122, 'hgardnerl', 'b9f70cbb473c65c19063cc40e14be4c4', 'patient'),
(123, 'bcampbell', '4be90ed9c41356ec34247e49aec714a9', 'patient'),
(124, 'mpowelln@', 'b82a9a13f4651e9abcbde90cd24ce2cb', 'patient'),
(125, 'mhernande', '879eb8aa505a968b831812aeb836c2a9', 'patient'),
(126, 'ccunningh', '8fe918632d847e8ea3ebffbd47bd8ca9', 'patient'),
(127, 'apriceq@u', '91869f9f8d6f767b7b960a41d133fc67', 'patient'),
(128, 'hgrantr@v', 'db05833c29e688b5ab54d5e8608a72ec', 'patient'),
(129, 'sarmstron', '257f4d1a26d393d41524ad7e83e7c524', 'patient'),
(130, 'pphillips', 'f87567f2159b425795ebb7ba9bc406ec', 'patient'),
(131, 'mbakeru@k', '0513a3da7ff53b1aeb42245ebcc5a16e', 'patient'),
(132, 'vsnyderv@', '82233bce59652cf3cc0eb7a03f3109d1', 'patient'),
(133, 'dramosw@e', 'd6460d863cc7403c4d48eb8682d87784', 'patient'),
(134, 'cdanielsx', '399423ff652ebb6a6701be7ec3202fc6', 'patient'),
(135, 'aduncany@', 'ec8b63c05f999a15a8c8567002a560a8', 'patient'),
(136, 'pfordz@te', '54a7b18f26374fc200ddedde0844f8ec', 'patient'),
(137, 'levans10@', '96c11895e7dc02ef601772a3f77587ac', 'patient'),
(138, 'dowens11@', 'd0f7423e6e494bbabdbd1039696d474a', 'patient'),
(139, 'blee12@he', '7e754adda86a60e0a39d7204ba604243', 'patient'),
(140, 'lboyd13@h', '27adb0b3f92d9b8f7fa4cb55b60114cc', 'patient'),
(141, 'kgraham14', 'b680c26b4ebbd087104c20cca189af59', 'patient'),
(142, 'rmoreno15', '38e72a91131298f854baf390102778a2', 'patient'),
(143, 'mmatthews', 'ee17dc479d8eb9848d89de4ae67b526d', 'patient'),
(144, 'mwashingt', 'cbc19b07662418d5f14cc55657295924', 'patient'),
(145, 'rcox18@di', '1be83d735510848b88a08e43c2e114d9', 'patient'),
(146, 'frichards', 'f2cb32166f77f33e80311be40c97466e', 'patient'),
(147, 'jsnyder1a', '7d54d9da656fa80e4e5a5230e0a2a549', 'patient'),
(148, 'cramirez1', 'b46489c11cc0cf01e2f987c0237263f9', 'patient'),
(149, 'dwalker1c', 'a703d6d14769d658f85a3b4c2c1ef9c7', 'patient'),
(150, 'lolson1d@', '4debfdb23bf13d11084b5f6f42f93b89', 'patient'),
(151, 'criley1e@', 'ded7e717b4aced68f6f17e8d72bbeee7', 'patient'),
(152, 'dwallace1', '08b7593cde74530e1db316e201363219', 'patient'),
(153, 'lrice1g@s', '47c939e887b797fa13afb64be3a1334d', 'patient'),
(154, 'acruz1h@m', '91869f9f8d6f767b7b960a41d133fc67', 'patient'),
(155, 'arivera1i', 'c54e140a2dd945e845759e651c934738', 'patient'),
(156, 'creed1j@m', 'f5c3ac4cbf092a063786243913a4c139', 'patient'),
(157, 'egrant1k@', '77dcd555f38b965d220a13a3bb080260', 'patient'),
(158, 'kmoreno1l', '7e014d9f08b5ea887eae96e5871d4b6b', 'patient'),
(159, 'mhughes1m', '81d6f316d169150d0e8733866c38684d', 'patient'),
(160, 'cnguyen1n', 'b46489c11cc0cf01e2f987c0237263f9', 'patient'),
(161, 'lfields1o', '4debfdb23bf13d11084b5f6f42f93b89', 'patient'),
(162, 'agutierre', '7efd721c8bfff2937c66235f2d0dbac1', 'patient'),
(163, 'jflores1q', '3a368818b7341d48660e8dd6c5a77dbe', 'patient'),
(164, 'acruz1r@e', '19fdf51d7001bd6430bc30fcaaa570c5', 'patient'),
(165, 'lhughes1s', 'dfeacdebdd52607b78a0eca093c2ed7a', 'patient'),
(166, 'kwest1t@w', '1c4f297ff8012fc249cb1d8ece9c76f8', 'patient'),
(167, 'grogers1u', '48598ee283437e810f2f0eb1cf66e217', 'patient'),
(168, 'nberry1v@', '39cfc15be1ea0a6eb64146bbdbedfcec', 'patient'),
(169, 'shughes1w', 'd41219060e0c16c228ed4682cade6379', 'patient'),
(170, 'fparker1x', '964044c33f7d819f083692c116c7135b', 'patient'),
(171, 'jarmstron', '215100b8b5e6639a7188c100ccb532ee', 'patient'),
(172, 'ehill1z@1', '77dcd555f38b965d220a13a3bb080260', 'patient'),
(173, 'csimpson2', '28e008c36902c6d100067b3734678b7d', 'patient'),
(174, 'wporter21', '21c4bada15c0113305dbf0e30b87544a', 'patient'),
(175, 'jfisher22', '06475174d922e7dcbb3ed34c0236dbdf', 'patient'),
(176, 'dfernande', '83f021a78fd8265c1cfc3f93da7caa40', 'patient'),
(177, 'kstone24@', '386057cf88fd13f17174356245dde26c', 'patient'),
(178, 'jjacobs25', '06475174d922e7dcbb3ed34c0236dbdf', 'patient'),
(179, 'jstanley2', '7d54d9da656fa80e4e5a5230e0a2a549', 'patient'),
(180, 'jcoleman2', '2b95993380f8be6bd4bd46bf44f98db9', 'patient'),
(181, 'dhill28@l', 'b84c8ce8dba041cef912c1116f6b7236', 'patient'),
(182, 'bgibson29', '54bd05568f5307e72e96392eaa0e766d', 'patient'),
(183, 'rduncan2a', 'c51c8bbd9e8c8bc49042ccd5d3e9864d', 'patient'),
(184, 'bmurray2b', '4d236810821e8e83a025f2a83ea31820', 'patient'),
(185, 'nhenderso', '39cfc15be1ea0a6eb64146bbdbedfcec', 'patient'),
(186, 'rharvey2d', '65ed72f435ddd53cb3efb0b018ce2af4', 'patient'),
(187, 'areyes2e@', '705da23959fa17c5d11d7a53a6157a19', 'patient'),
(188, 'dwheeler2', '464e07afc9e46359fb480839150595c5', 'patient'),
(189, 'tharvey2g', '649e314529ae99fee77bffd211851b7d', 'patient'),
(190, 'sfoster2h', '98e15403b2b1ea5022fc42b3490cc76e', 'patient'),
(191, 'lwillis2i', 'dfeacdebdd52607b78a0eca093c2ed7a', 'patient'),
(192, 'htaylor2j', '29e00d3659d1c5e75f99e892f0c1a1f1', 'patient'),
(193, 'jhill2k@c', 'dbaf60f3a397e1d27630a459c1700ea7', 'patient'),
(194, 'anguyen2l', '19fdf51d7001bd6430bc30fcaaa570c5', 'patient'),
(195, 'tthompson', '28d34f2e053dee2c0e9399a7924cd978', 'patient'),
(196, 'lray2n@sp', '47c939e887b797fa13afb64be3a1334d', 'patient'),
(197, 'klawrence', 'f1cd318e412b5f7226e5f377a9544ff7', 'patient'),
(198, 'bkelly2p@', '657b3da92ee342d7f1eeb4c0454e1448', 'patient'),
(199, 'canderson', '5447aa4026288039fccf95cf270282b3', 'patient'),
(200, 'pallen2r@', '462141c8db136692d3ec3a162a155ccd', 'patient'),
(201, 'hmurray2s', '52e10d8b23b93b7467296125130aafa7', 'patient'),
(202, 'jbennett2', '6a1a376d8169cfc1835f59ac934edbb7', 'patient'),
(203, 'rtorres2u', '131b98dac8609f781484f08c22a8abaa', 'patient'),
(204, 'djacobs2v', '83f021a78fd8265c1cfc3f93da7caa40', 'patient'),
(205, 'slewis2w@', '4733a44073c81970cccbca6e1ede188b', 'patient'),
(206, 'kporter2x', '1c4f297ff8012fc249cb1d8ece9c76f8', 'patient'),
(207, 'jfuller2y', '88e11caee979ba2bf6c1aa459b2cd77b', 'patient'),
(208, 'cwright2z', '944facfeb153b4f01916a0f166fcc315', 'patient'),
(209, 'agarrett3', '9d910c8bf395fce35216f0f4fa85432e', 'patient'),
(210, 'acole31@c', '20f1aeb7819d7858684c898d1e98c1bb', 'patient'),
(211, 'kwalker32', '1c4f297ff8012fc249cb1d8ece9c76f8', 'patient'),
(212, 'lphillips', '2b4d861cb86e631fced13c000c318323', 'patient'),
(213, 'rschmidt3', '38e72a91131298f854baf390102778a2', 'patient'),
(214, 'ccruz35@t', '8fe918632d847e8ea3ebffbd47bd8ca9', 'patient'),
(215, 'mnichols3', 'e39e74fb4e80ba656f773669ed50315a', 'patient'),
(216, 'jbrown37@', '2a5ea26afb2c1fdbd0e7ab0941b9b9ab', 'patient'),
(217, 'mstanley3', '3d4400b3b015c2b75cca4e94966e8a16', 'patient'),
(218, 'scox39@dr', 'c44e1acacdf5711ffa393d32636dc596', 'patient'),
(219, 'athomas3a', '64489c85dc2fe0787b85cd87214b3810', 'patient'),
(220, 'mreynolds', 'e39e74fb4e80ba656f773669ed50315a', 'patient'),
(221, 'mgeorge3c', '81d6f316d169150d0e8733866c38684d', 'patient'),
(222, 'sgarcia3d', 'b3e36c548cb8ee25971ae534ed15a6de', 'patient'),
(223, 'pwright3e', '462141c8db136692d3ec3a162a155ccd', 'patient'),
(224, 'cgrant3f@', '8fe918632d847e8ea3ebffbd47bd8ca9', 'patient'),
(225, 'ecarpente', 'd8ea48bc5a82a9fd6b80f70dd51fc30c', 'patient'),
(226, 'erichards', '243f63354f4c1cc25d50f6269b844369', 'patient'),
(227, 'mgonzalez', '879eb8aa505a968b831812aeb836c2a9', 'patient'),
(228, 'msimmons3', 'ee17dc479d8eb9848d89de4ae67b526d', 'patient'),
(229, 'bstephens', '8139e3b2070343b1729402f9bf202052', 'patient'),
(230, 'dchavez3l', '48718b4f39c52763a2f3e72d17e2db1e', 'patient'),
(231, 'grussell3', '578ad8e10dc4edb52ff2bd4ec9bc93a3', 'patient'),
(232, 'aramirez3', '91869f9f8d6f767b7b960a41d133fc67', 'patient'),
(233, 'wbailey3o', '604c8dd5066ee30539037569a028dc9b', 'patient'),
(234, 'bevans3p@', '4be90ed9c41356ec34247e49aec714a9', 'patient'),
(235, 'dphillips', '83f021a78fd8265c1cfc3f93da7caa40', 'patient'),
(236, 'csanchez3', '8fe918632d847e8ea3ebffbd47bd8ca9', 'patient'),
(237, 'bmatthews', '4be90ed9c41356ec34247e49aec714a9', 'patient'),
(238, 'rstevens3', '0df4dccc4aac3f6f36e00ef2a6a4bfac', 'patient'),
(239, 'kwagner3u', 'e6e30c037d0b75caa94827ead86b4edf', 'patient'),
(240, 'kreyes3v@', '386057cf88fd13f17174356245dde26c', 'patient'),
(241, 'bwillis3w', '5ca49fbfb5ba90d2927d7f85f07ad74d', 'patient'),
(242, 'acollins3', '885383f16fccd10370814fcd862aa10d', 'patient'),
(243, 'jramirez3', '70185aeca0fac6821933920158e9e9fe', 'patient'),
(244, 'asims3z@a', '82e335f7ac0e0e412b2ae15abe662110', 'patient'),
(245, 'apowell40', 'ec8b63c05f999a15a8c8567002a560a8', 'patient'),
(246, 'khamilton', '7e014d9f08b5ea887eae96e5871d4b6b', 'patient'),
(247, 'ariley42@', '97a9d330e236c8d067f01da1894a5438', 'patient'),
(248, 'wmartin43', 'ff572bd04aea4ced0159d7e9efedd625', 'patient'),
(249, 'mgomez44@', 'cbc19b07662418d5f14cc55657295924', 'patient'),
(250, 'cryan45@w', '9104cae4ba38c79afaf6479c1dde3b7c', 'patient'),
(251, 'rcoleman4', 'eca8a333da0c21dfccd2b15d33e01d5d', 'patient'),
(252, 'ccook47@n', '75c2771546072d0d4b4aa02229c28aad', 'patient'),
(253, 'mcarter48', '81d6f316d169150d0e8733866c38684d', 'patient'),
(254, 'cburns49@', '399423ff652ebb6a6701be7ec3202fc6', 'patient'),
(255, 'ehowell4a', 'e81c602454bbe574f7802456e2297495', 'patient'),
(256, 'jnguyen4b', '6aa8d4d501a7e1d67c6dbf8c8138b897', 'patient'),
(257, 'bsimpson4', '54bd05568f5307e72e96392eaa0e766d', 'patient'),
(258, 'ccunningh', 'b46489c11cc0cf01e2f987c0237263f9', 'patient'),
(259, 'awashingt', '885383f16fccd10370814fcd862aa10d', 'patient'),
(260, 'lcarr4f@d', '4debfdb23bf13d11084b5f6f42f93b89', 'patient'),
(261, 'sray4g@be', 'a36e5df6089966dca4b38397aae00efd', 'patient'),
(262, 'cwest4h@w', '8fe918632d847e8ea3ebffbd47bd8ca9', 'patient'),
(263, 'jray4i@ab', '215100b8b5e6639a7188c100ccb532ee', 'patient'),
(264, 'gschmidt4', 'f00a5998c29601848a83c00a8296d8e4', 'patient'),
(265, 'arussell4', '19fdf51d7001bd6430bc30fcaaa570c5', 'patient'),
(266, 'cmontgome', 'b23d4c8084990d65b1904efa034881d3', 'patient'),
(267, 'sbailey4m', 'd764afef638302d6579ce78222a92818', 'patient'),
(268, 'dmitchell', '48718b4f39c52763a2f3e72d17e2db1e', 'patient'),
(269, 'dbennett4', 'a703d6d14769d658f85a3b4c2c1ef9c7', 'patient'),
(270, 'bhunt4p@c', '4d236810821e8e83a025f2a83ea31820', 'patient'),
(271, 'jwelch4q@', 'dbaf60f3a397e1d27630a459c1700ea7', 'patient'),
(272, 'gking4r@w', '01d4848202a3c7697ec037b02b4ee4e8', 'patient'),
(273, 'jknight4s', 'd0f59baadadd3349e4a9b2674bcceae8', 'patient'),
(274, 'kgraham4t', 'dce0d99515076c6a24e246952d635fc7', 'patient'),
(275, 'bpatterso', '861a744bccc0da5432f097d5838e4b83', 'patient'),
(276, 'ajackson4', '7efd721c8bfff2937c66235f2d0dbac1', 'patient'),
(277, 'cdavis4w@', '944facfeb153b4f01916a0f166fcc315', 'patient'),
(278, 'ahenry4x@', '1c0a11cc4ddc0dbd3fa4d77232a4e22e', 'patient'),
(279, 'bwilliams', '5c39b18d77d5f297ff92e4942e5522b5', 'patient'),
(280, 'cwoods4z@', 'b23d4c8084990d65b1904efa034881d3', 'patient'),
(281, 'plopez50@', '6fa95b1427af77b3d769ae9cb853382f', 'patient'),
(282, 'acarroll5', '28f719c89ef7f33ce2e178490676b5ab', 'patient'),
(283, 'sbell52@w', 'c44e1acacdf5711ffa393d32636dc596', 'patient'),
(284, 'madams53@', '3e06fa3927cbdf4e9d93ba4541acce86', 'patient'),
(285, 'phanson54', 'f87567f2159b425795ebb7ba9bc406ec', 'patient'),
(286, 'awilson55', '0a420beb77b963b9a14066f08b7865e8', 'patient'),
(287, 'mnichols5', '81d6f316d169150d0e8733866c38684d', 'patient'),
(288, 'rkennedy5', '4ffe35db90d94c6041fb8ddf7b44df29', 'patient'),
(289, 'mburns58@', 'ee17dc479d8eb9848d89de4ae67b526d', 'patient'),
(290, 'ccampbell', '5447aa4026288039fccf95cf270282b3', 'patient'),
(291, 'trivera5a', '1116814755ec7e77eaa692262f749cec', 'patient'),
(292, 'sbutler5b', 'b3e36c548cb8ee25971ae534ed15a6de', 'patient'),
(293, 'dalvarez5', '83f021a78fd8265c1cfc3f93da7caa40', 'patient'),
(294, 'dcooper5d', '08b7593cde74530e1db316e201363219', 'patient'),
(295, 'estone5e@', '243f63354f4c1cc25d50f6269b844369', 'patient'),
(296, 'clawson5f', 'b23d4c8084990d65b1904efa034881d3', 'patient'),
(297, 'mbanks5g@', '879eb8aa505a968b831812aeb836c2a9', 'patient'),
(298, 'rrichards', '38e72a91131298f854baf390102778a2', 'patient'),
(299, 'jrichards', 'd52e32f3a96a64786814ae9b5279fbe5', 'patient'),
(300, 'rbrooks5j', '22d5d814d801d8b3e1a1c3fc36796de9', 'patient'),
(301, 'acruz5k@c', '19fdf51d7001bd6430bc30fcaaa570c5', 'patient'),
(302, 'ccarr5l@g', '944facfeb153b4f01916a0f166fcc315', 'patient'),
(303, 'jlopez5m@', '2a5ea26afb2c1fdbd0e7ab0941b9b9ab', 'patient'),
(304, 'wperry5n@', '604c8dd5066ee30539037569a028dc9b', 'patient'),
(305, 'bking5o@c', '4d236810821e8e83a025f2a83ea31820', 'patient'),
(306, 'jprice5p@', '6aa8d4d501a7e1d67c6dbf8c8138b897', 'patient'),
(307, 'sbutler5q', '4733a44073c81970cccbca6e1ede188b', 'patient'),
(308, 'jtorres5r', 'd52e32f3a96a64786814ae9b5279fbe5', 'patient'),
(309, 'mhenry5s@', 'ee17dc479d8eb9848d89de4ae67b526d', 'patient'),
(310, 'jjames5t@', '2b95993380f8be6bd4bd46bf44f98db9', 'patient'),
(311, 'frichards', 'f9dc77cece7fa16f6edd2d1d64853e4b', 'patient'),
(312, 'kford5v@s', 'f1cd318e412b5f7226e5f377a9544ff7', 'patient'),
(313, 'atucker5w', '64489c85dc2fe0787b85cd87214b3810', 'patient'),
(314, 'pgarza5x@', '3f2e2531201cfbf853f16f668132eaf2', 'patient'),
(315, 'agonzalez', '705da23959fa17c5d11d7a53a6157a19', 'patient'),
(316, 'jmiller5z', '06475174d922e7dcbb3ed34c0236dbdf', 'patient'),
(317, 'dburns60@', 'd6460d863cc7403c4d48eb8682d87784', 'patient'),
(318, 'cgardner6', '28e008c36902c6d100067b3734678b7d', 'patient'),
(319, 'jcunningh', '86c9e46243a93ecbd27c36296f90c4d2', 'patient'),
(320, 'kjordan63', '386057cf88fd13f17174356245dde26c', 'patient'),
(321, 'wlawrence', '039afe7e4522ef3269eaf46f69efd9d4', 'patient'),
(322, 'bmason65@', '4d236810821e8e83a025f2a83ea31820', 'patient'),
(323, 'dnguyen66', '83f021a78fd8265c1cfc3f93da7caa40', 'patient'),
(324, 'aedwards6', '19fdf51d7001bd6430bc30fcaaa570c5', 'patient'),
(325, 'tgray68@u', '1b9c61b2be5459aa3c193d0f224ea009', 'patient'),
(326, 'vjackson6', '82233bce59652cf3cc0eb7a03f3109d1', 'patient'),
(327, 'cdunn6a@s', '75c2771546072d0d4b4aa02229c28aad', 'patient'),
(328, 'rrogers6b', 'c51c8bbd9e8c8bc49042ccd5d3e9864d', 'patient'),
(329, 'jbowman6c', '6aa8d4d501a7e1d67c6dbf8c8138b897', 'patient'),
(330, 'rkelly6d@', 'eca8a333da0c21dfccd2b15d33e01d5d', 'patient'),
(331, 'hmorgan6e', '179909b745f81f03f177a3079e0ce5e3', 'patient'),
(332, 'wbrown6f@', '039afe7e4522ef3269eaf46f69efd9d4', 'patient'),
(333, 'whicks6g@', 'e1229bab1c271d1f1796cb0c52ab9933', 'patient'),
(334, 'jhansen6h', 'c1f80eddea77f14650a2062dda3eb15c', 'patient'),
(335, 'lrichards', '96c11895e7dc02ef601772a3f77587ac', 'patient'),
(336, 'jortiz6j@', '472d46cb829018f9dbd65fb8479a49bb', 'patient'),
(337, 'jowens6k@', '86c9e46243a93ecbd27c36296f90c4d2', 'patient'),
(338, 'mkelley6l', '0513a3da7ff53b1aeb42245ebcc5a16e', 'patient'),
(339, 'agraham6m', '64489c85dc2fe0787b85cd87214b3810', 'patient'),
(340, 'jallen6n@', '3a368818b7341d48660e8dd6c5a77dbe', 'patient'),
(341, 'tgilbert6', '1b9c61b2be5459aa3c193d0f224ea009', 'patient'),
(342, 'hshaw6p@p', '29e00d3659d1c5e75f99e892f0c1a1f1', 'patient'),
(343, 'hjackson6', '179909b745f81f03f177a3079e0ce5e3', 'patient'),
(344, 'acoleman6', '8aae3a73a9a43ee6b04dfd986fe9d136', 'patient'),
(345, 'bperry6s@', '4d236810821e8e83a025f2a83ea31820', 'patient'),
(346, 'cfowler6t', '944facfeb153b4f01916a0f166fcc315', 'patient'),
(347, 'greynolds', '48598ee283437e810f2f0eb1cf66e217', 'patient'),
(348, 'sblack6v@', 'a36e5df6089966dca4b38397aae00efd', 'patient'),
(349, 'krobinson', 'b680c26b4ebbd087104c20cca189af59', 'patient'),
(350, 'asnyder6x', '7efd721c8bfff2937c66235f2d0dbac1', 'patient'),
(351, 'fromero6y', 'f9dc77cece7fa16f6edd2d1d64853e4b', 'patient'),
(352, 'mpeters6z', 'ee17dc479d8eb9848d89de4ae67b526d', 'patient'),
(353, 'jdunn70@n', '472d46cb829018f9dbd65fb8479a49bb', 'patient'),
(354, 'jwest71@p', '215100b8b5e6639a7188c100ccb532ee', 'patient'),
(355, 'agonzales', '7efd721c8bfff2937c66235f2d0dbac1', 'patient'),
(356, 'jwilson73', '40687c8206d15373954d8b27c6724f62', 'patient'),
(357, 'nmarshall', 'a33b73f30cde1640b9ac3ec98c7c2831', 'patient'),
(358, 'tbishop75', '1b9c61b2be5459aa3c193d0f224ea009', 'patient'),
(359, 'rsimpson7', 'c51c8bbd9e8c8bc49042ccd5d3e9864d', 'patient'),
(360, 'lwarren77', '27adb0b3f92d9b8f7fa4cb55b60114cc', 'patient'),
(361, 'arobertso', '7efd721c8bfff2937c66235f2d0dbac1', 'patient'),
(362, 'mcooper79', '3e06fa3927cbdf4e9d93ba4541acce86', 'patient'),
(363, 'gwatkins7', '2fde527993887e4946b3d77ea32d079c', 'patient'),
(364, 'kparker7b', '0530b9b6a12155e2a3c969bf89777aef', 'patient'),
(365, 'mwhite7c@', '3e06fa3927cbdf4e9d93ba4541acce86', 'patient'),
(366, 'lramos7d@', '37905b9b4fdb8fa311b30448254d51fe', 'patient'),
(367, 'agreene7e', 'c54e140a2dd945e845759e651c934738', 'patient'),
(368, 'dperry7f@', '08b7593cde74530e1db316e201363219', 'patient'),
(369, 'hbryant7g', 'b9f70cbb473c65c19063cc40e14be4c4', 'patient'),
(370, 'mramirez7', '64730ca35ed9274ff6aa8a719407fe53', 'patient'),
(371, 'jburton7i', '472d46cb829018f9dbd65fb8479a49bb', 'patient'),
(372, 'agibson7j', '8aae3a73a9a43ee6b04dfd986fe9d136', 'patient'),
(373, 'ppowell7k', '462141c8db136692d3ec3a162a155ccd', 'patient'),
(374, 'drogers7l', '93b63feb993716772ef3b15b08b8e8a8', 'patient'),
(375, 'swilliams', 'bc28af6f750004729474ccbb403bd0ee', 'patient'),
(376, 'mross7n@w', '3e06fa3927cbdf4e9d93ba4541acce86', 'patient'),
(377, 'cfoster7o', '9104cae4ba38c79afaf6479c1dde3b7c', 'patient'),
(378, 'klawrence', 'b680c26b4ebbd087104c20cca189af59', 'patient'),
(379, 'jfields7q', '40687c8206d15373954d8b27c6724f62', 'patient'),
(380, 'jvasquez7', '88e11caee979ba2bf6c1aa459b2cd77b', 'patient'),
(381, 'nwagner7s', 'a33b73f30cde1640b9ac3ec98c7c2831', 'patient'),
(382, 'jrodrigue', '2344521e389d6897ae7af9abf16e7ccc', 'patient'),
(383, 'bhart7u@i', '861a744bccc0da5432f097d5838e4b83', 'patient'),
(384, 'jruiz7v@b', '6a1a376d8169cfc1835f59ac934edbb7', 'patient'),
(385, 'jburke7w@', '3a368818b7341d48660e8dd6c5a77dbe', 'patient'),
(386, 'lhicks7x@', '2b4d861cb86e631fced13c000c318323', 'patient'),
(387, 'rdean7y@h', '0df4dccc4aac3f6f36e00ef2a6a4bfac', 'patient'),
(388, 'eoliver7z', '918e862585716e5f6be3899347d4ae4c', 'patient'),
(389, 'jsimmons8', '7d54d9da656fa80e4e5a5230e0a2a549', 'patient'),
(390, 'nwilliams', '39cfc15be1ea0a6eb64146bbdbedfcec', 'patient'),
(391, 'dstanley8', '262031397020fd8df478ec13b4b096c5', 'patient'),
(392, 'tkelley83', '28d34f2e053dee2c0e9399a7924cd978', 'patient'),
(393, 'wdean84@g', '604c8dd5066ee30539037569a028dc9b', 'patient'),
(394, 'rfernande', 'bc4a4c9059dd89610dfea9f632841772', 'patient'),
(395, 'jmurphy86', '70483b6e100c9cebbffcdc62dea07eda', 'patient'),
(396, 'jwright87', 'bbd8a1c8b716f90cfaf9493cbb3868dc', 'patient'),
(397, 'pcarpente', '4805c7a160cc2b4919b2ef0b5f64b44e', 'patient'),
(398, 'greyes89@', '578ad8e10dc4edb52ff2bd4ec9bc93a3', 'patient'),
(399, 'adunn8a@s', '9d910c8bf395fce35216f0f4fa85432e', 'patient'),
(400, 'kcastillo', '386057cf88fd13f17174356245dde26c', 'patient'),
(401, 'admin', '21232f297a57a5a743894a0e4a801fc3', 'admin'),
(402, 'karmi214', '59ab08fc2cbd8a532d28af0599ec5d5a', 'patient'),
(403, 'ajay', 'ab5b08a402f428c5acdf38e7bf14aae4', 'patient'),
(404, 'anish404', '7cd012c8f261921cd44742ec554f398d', 'doctor'),
(405, 'anish405', '1dc43796fb1b397a7f2b43180068b580', 'doctor'),
(406, 'anish1234', '827ccb0eea8a706c4c34a16891f84e7b', 'patient'),
(407, 'sam', '332532dcfaa1cbf61e2a266bd723612c', 'patient'),
(408, 'sajan408', '08866b4db1d8a7285d46ef30c3d9feae', 'doctor');

/*!40101 SET CHARACTER_SET_CLIENT=@OLD_CHARACTER_SET_CLIENT */;
/*!40101 SET CHARACTER_SET_RESULTS=@OLD_CHARACTER_SET_RESULTS */;
/*!40101 SET COLLATION_CONNECTION=@OLD_COLLATION_CONNECTION */;
